Student_ID,Class,section,Age,Gender,Study_hours,Sleep_hours,Parent_Education_Level,Health_Issues,Internet_Access,Attendence,internal_test 1,internal_test 2,Assignment_score,Extracurricular_Activities,Previous_Exam_Score,Final_Exam_Score
1,9th,C,14,Female,2.2,9.0,Primary,None,No,76.0,74.0,43.0,64.0,No,79.0,74.0
2,10th,C,16,Male,5.6,7.0,High School,Minor,Yes,93.0,75.0,87.0,62.0,No,61.0,84.0
3,9th,A,13,Male,1.2,8.0,PUC,Frequent,Yes,94.0,56.0,83.0,67.0,No,94.0,76.0
4,8th,C,13,Female,5.8,7.0,PUC,None,Yes,91.8,71.0,93.0,84.0,No,69.0,87.0
5,9th,B,16,Female,3.8,6.0,Degree,None,Yes,80.0,89.0,92.0,65.0,Yes,74.0,86.0
6,9th,C,14,Male,2.9,5.0,High School,Frequent,Yes,99.0,61.0,62.0,58.0,No,70.0,69.0
7,10th,C,16,Male,6.0,7.0,Primary,Minor,Yes,93.0,72.0,70.0,83.0,Yes,53.0,86.0
8,10th,B,14,Female,1.3,8.0,PUC,Frequent,No,74.0,41.0,57.0,89.0,No,72.0,65.0
9,10th,B,16,Female,3.6,8.0,PUC,Minor,No,89.0,41.0,56.0,70.0,Yes,95.0,74.0
10,9th,B,13,Male,1.2,6.0,Postgraduate,Minor,Yes,73.0,42.0,46.0,62.0,Yes,89.0,64.0
11,8th,C,13,Female,3.9,8.0,Postgraduate,Frequent,No,89.0,60.0,73.0,50.0,Yes,66.0,71.0
12,9th,C,14,Female,1.9,5.0,Postgraduate,Frequent,No,88.0,45.0,80.0,85.0,Yes,80.0,79.0
13,9th,C,13,Female,4.2,7.0,Degree,Frequent,Yes,65.0,54.0,70.0,62.0,Yes,41.0,65.0
14,8th,C,16,Male,5.9,8.0,PUC,Minor,Yes,88.0,40.0,55.0,66.0,No,43.0,68.0
15,8th,B,14,Male,5.4,5.0,Degree,Frequent,No,81.0,82.0,79.0,98.0,Yes,48.0,90.0
16,10th,C,13,Male,3.3,7.0,Primary,Minor,Yes,79.0,68.0,87.0,84.0,No,60.0,81.0
17,10th,C,15,Female,4.5,8.0,Postgraduate,None,Yes,90.6,40.0,88.0,69.0,No,72.0,74.0
18,9th,C,14,Male,4.9,6.0,PUC,None,Yes,71.8,85.0,92.0,57.0,No,50.0,79.0
19,9th,B,15,Female,3.5,7.0,PUC,Minor,Yes,76.0,70.0,70.0,95.0,No,63.0,86.0
20,8th,B,13,Female,3.6,6.0,Degree,None,No,86.0,95.0,57.0,70.0,No,42.0,75.0
21,8th,C,15,Female,1.8,6.0,High School,Frequent,Yes,66.0,64.0,92.0,69.0,No,40.0,69.0
22,10th,A,14,Male,2.8,8.0,PUC,None,No,85.0,66.0,70.0,73.0,No,79.0,81.0
23,10th,A,15,Female,1.7,9.0,Degree,Minor,No,99.7,43.0,42.0,76.0,No,94.0,68.0
24,9th,C,13,Male,4.6,9.0,Degree,None,No,88.0,84.0,77.0,75.0,No,57.0,89.0
25,9th,C,16,Male,3.4,9.0,Postgraduate,Frequent,No,86.0,58.0,90.0,83.0,No,45.0,74.0
26,9th,C,13,Male,3.2,7.0,Postgraduate,Minor,No,72.0,91.0,66.0,65.0,No,43.0,75.0
27,9th,C,15,Female,5.4,8.0,Primary,Minor,Yes,79.0,51.0,42.0,72.0,Yes,76.0,74.0
28,10th,C,13,Female,3.6,7.0,Postgraduate,None,Yes,83.0,61.0,41.0,56.0,Yes,56.0,65.0
29,9th,C,14,Male,3.0,9.0,Primary,Frequent,No,68.0,71.0,62.0,54.0,Yes,47.0,65.0
30,10th,A,15,Female,2.3,8.0,PUC,Frequent,No,74.0,89.0,45.0,71.0,Yes,77.0,78.0
31,10th,A,15,Male,1.4,5.0,PUC,None,No,90.2,50.0,54.0,94.0,Yes,70.0,73.0
32,9th,B,13,Male,3.1,7.0,High School,None,No,88.0,41.0,78.0,99.0,Yes,62.0,78.0
33,9th,C,16,Female,1.1,6.0,High School,Frequent,Yes,70.0,66.0,88.0,82.0,Yes,94.0,79.0
34,8th,B,16,Male,2.5,6.0,Postgraduate,None,Yes,94.0,52.0,87.0,91.0,Yes,83.0,81.0
35,8th,B,14,Male,3.5,8.0,Degree,Minor,No,78.0,47.0,51.0,61.0,No,93.0,71.0
36,8th,C,14,Male,5.8,6.0,PUC,None,Yes,99.0,91.0,76.0,92.0,Yes,73.0,97.0
37,9th,C,16,Female,1.5,6.0,Degree,Frequent,No,76.0,52.0,82.0,90.0,Yes,62.0,79.0
38,10th,B,15,Male,4.4,6.0,High School,Frequent,Yes,92.0,62.0,54.0,67.0,Yes,80.0,80.0
39,8th,A,13,Male,3.5,6.0,High School,None,Yes,78.6,86.0,54.0,67.0,Yes,80.0,78.0
40,10th,B,15,Female,4.9,5.0,Degree,Minor,Yes,90.0,73.0,60.0,93.0,Yes,74.0,88.0
41,8th,B,14,Male,1.7,5.0,Primary,Frequent,Yes,83.0,58.0,40.0,54.0,No,90.0,60.0
42,8th,A,14,Female,1.4,5.0,PUC,Minor,No,66.0,76.0,43.0,69.0,Yes,42.0,62.0
43,10th,C,14,Female,3.0,5.0,High School,Frequent,Yes,69.0,86.0,79.0,55.0,No,51.0,75.0
44,8th,A,16,Female,5.0,6.0,Postgraduate,None,Yes,85.4,62.0,47.0,100.0,Yes,65.0,75.0
45,8th,A,16,Male,2.0,7.0,Postgraduate,Frequent,Yes,95.1,72.0,68.0,91.0,No,86.0,81.0
46,8th,A,14,Female,4.8,9.0,PUC,Frequent,Yes,84.8,93.0,88.0,82.0,No,80.0,91.0
47,10th,B,15,Male,2.5,5.0,Postgraduate,None,Yes,97.0,83.0,49.0,91.0,Yes,78.0,85.0
48,8th,C,14,Male,2.1,5.0,High School,Frequent,Yes,89.0,70.0,86.0,69.0,No,77.0,78.0
49,10th,C,14,Male,1.1,9.0,PUC,Frequent,Yes,76.0,70.0,47.0,62.0,Yes,82.0,69.0
50,8th,B,13,Female,3.0,5.0,Primary,Frequent,Yes,76.0,70.0,63.0,61.0,No,95.0,77.0
51,10th,A,13,Male,2.9,8.0,Degree,None,No,73.6,55.0,62.0,77.0,Yes,56.0,71.0
52,9th,A,14,Female,4.3,5.0,Degree,None,Yes,70.0,72.0,74.0,74.0,Yes,72.0,76.0
53,8th,B,13,Female,1.4,8.0,Postgraduate,None,Yes,87.0,72.0,46.0,59.0,No,67.0,61.0
54,10th,B,13,Male,1.8,7.0,High School,None,No,98.2,60.0,86.0,69.0,Yes,81.0,75.0
55,10th,C,14,Male,1.1,5.0,High School,Frequent,Yes,76.0,80.0,72.0,65.0,No,59.0,70.0
56,10th,B,16,Female,1.6,8.0,PUC,Frequent,Yes,94.0,71.0,63.0,98.0,Yes,80.0,84.0
57,10th,C,16,Male,4.3,8.0,Primary,Frequent,Yes,98.0,74.0,44.0,74.0,Yes,79.0,79.0
58,8th,B,15,Female,3.0,9.0,PUC,None,Yes,79.0,41.0,58.0,52.0,Yes,76.0,64.0
59,8th,B,14,Female,2.6,6.0,Postgraduate,None,Yes,78.8,74.0,72.0,85.0,No,58.0,77.0
60,10th,B,13,Male,3.8,5.0,Postgraduate,Frequent,No,97.4,50.0,51.0,84.0,Yes,45.0,66.0
61,9th,C,15,Male,6.0,7.0,Primary,Minor,No,82.0,55.0,65.0,85.0,Yes,52.0,78.0
62,10th,C,16,Female,5.2,7.0,Postgraduate,Minor,No,73.0,80.0,64.0,77.0,Yes,73.0,83.0
63,8th,C,16,Male,4.5,7.0,Postgraduate,Frequent,Yes,100.0,67.0,69.0,57.0,Yes,71.0,82.0
64,8th,A,15,Male,5.6,8.0,Postgraduate,Frequent,Yes,83.0,90.0,71.0,71.0,Yes,56.0,81.0
65,10th,A,14,Female,1.2,9.0,Degree,Minor,Yes,97.0,89.0,84.0,77.0,Yes,61.0,81.0
66,9th,C,14,Female,1.4,6.0,High School,Minor,No,77.0,48.0,55.0,58.0,Yes,44.0,52.0
67,10th,C,14,Female,3.4,5.0,PUC,Frequent,Yes,80.8,57.0,82.0,91.0,Yes,48.0,82.0
68,9th,A,16,Female,2.7,6.0,Primary,None,No,84.0,88.0,69.0,77.0,No,74.0,85.0
69,8th,A,13,Female,5.7,7.0,Degree,None,No,88.0,51.0,83.0,90.0,No,52.0,77.0
70,10th,A,13,Female,3.4,9.0,High School,Frequent,Yes,86.0,81.0,47.0,87.0,Yes,78.0,78.0
71,10th,B,14,Female,3.7,5.0,Degree,Frequent,Yes,96.0,79.0,55.0,68.0,Yes,76.0,75.0
72,10th,A,16,Female,5.5,7.0,Degree,Frequent,Yes,84.0,47.0,43.0,78.0,Yes,73.0,72.0
73,8th,A,13,Male,3.2,7.0,Degree,None,No,96.0,86.0,45.0,70.0,No,68.0,76.0
74,9th,A,15,Female,5.4,9.0,PUC,Frequent,Yes,69.0,64.0,45.0,76.0,Yes,55.0,67.0
75,8th,C,13,Female,2.3,9.0,High School,None,Yes,80.0,65.0,81.0,87.0,No,92.0,81.0
76,10th,B,13,Male,2.4,8.0,PUC,Minor,Yes,68.4,93.0,61.0,76.0,No,80.0,78.0
77,10th,C,14,Female,2.6,8.0,High School,Frequent,Yes,97.0,85.0,57.0,100.0,Yes,92.0,86.0
78,8th,B,16,Female,3.7,8.0,High School,Frequent,Yes,73.0,73.0,78.0,78.0,No,70.0,85.0
79,10th,A,14,Female,2.1,5.0,Postgraduate,None,No,98.3,40.0,89.0,68.0,Yes,45.0,64.0
80,10th,B,15,Male,4.4,5.0,Primary,Minor,Yes,93.7,83.0,91.0,70.0,Yes,91.0,92.0
81,8th,A,16,Male,1.7,8.0,Postgraduate,Minor,Yes,77.0,55.0,68.0,70.0,Yes,48.0,67.0
82,10th,C,13,Male,1.5,8.0,Postgraduate,None,No,89.0,87.0,41.0,68.0,Yes,42.0,61.0
83,10th,A,13,Male,5.4,8.0,High School,None,No,100.0,65.0,92.0,94.0,Yes,82.0,94.0
84,10th,A,14,Male,2.2,6.0,Degree,None,Yes,92.0,73.0,55.0,93.0,Yes,41.0,69.0
85,9th,B,16,Male,2.9,9.0,Degree,Minor,Yes,100.4,43.0,89.0,92.0,No,67.0,83.0
86,8th,A,15,Male,3.9,5.0,Postgraduate,Minor,Yes,95.0,92.0,63.0,76.0,No,47.0,85.0
87,10th,A,16,Female,3.6,7.0,PUC,Frequent,Yes,75.0,69.0,80.0,60.0,No,65.0,72.0
88,9th,A,16,Male,1.4,9.0,Degree,Frequent,Yes,97.0,93.0,75.0,68.0,Yes,65.0,76.0
89,9th,C,15,Female,5.4,7.0,PUC,Minor,Yes,88.0,54.0,50.0,100.0,No,76.0,77.0
90,9th,A,14,Male,5.8,6.0,Primary,Minor,Yes,68.0,43.0,80.0,71.0,No,58.0,72.0
91,10th,A,13,Male,5.1,9.0,Primary,Frequent,No,95.6,73.0,83.0,51.0,Yes,66.0,79.0
92,8th,B,15,Female,2.4,9.0,Degree,Frequent,No,67.0,56.0,75.0,88.0,No,57.0,68.0
93,8th,B,14,Female,3.6,8.0,High School,None,No,95.0,93.0,81.0,58.0,Yes,67.0,80.0
94,8th,A,16,Male,2.7,5.0,Primary,Frequent,Yes,65.0,67.0,89.0,66.0,Yes,88.0,83.0
95,9th,B,16,Male,3.8,6.0,PUC,None,Yes,90.7,74.0,68.0,91.0,No,89.0,84.0
96,10th,C,15,Male,5.9,8.0,PUC,Minor,Yes,81.0,86.0,62.0,95.0,Yes,48.0,88.0
97,10th,C,16,Male,2.6,5.0,Primary,Minor,Yes,99.8,93.0,70.0,64.0,No,57.0,82.0
98,10th,B,14,Male,4.3,7.0,High School,None,Yes,76.0,95.0,79.0,53.0,Yes,67.0,88.0
99,9th,C,13,Male,2.6,7.0,PUC,Minor,Yes,68.0,45.0,55.0,99.0,Yes,54.0,69.0
100,8th,C,16,Male,4.9,8.0,High School,Frequent,Yes,96.0,59.0,85.0,53.0,Yes,41.0,74.0
101,10th,B,14,Male,2.6,7.0,High School,Frequent,Yes,65.3,48.0,64.0,54.0,No,73.0,68.0
102,8th,C,14,Male,5.4,8.0,Degree,Minor,Yes,88.0,66.0,79.0,56.0,Yes,78.0,84.0
103,8th,B,16,Male,4.8,7.0,Postgraduate,Frequent,Yes,84.0,65.0,73.0,71.0,No,57.0,80.0
104,9th,C,15,Female,4.8,6.0,High School,Frequent,No,78.0,93.0,56.0,67.0,Yes,56.0,81.0
105,8th,C,13,Male,3.3,5.0,Primary,Frequent,Yes,90.0,49.0,62.0,65.0,No,69.0,68.0
106,8th,A,13,Male,2.1,7.0,PUC,None,Yes,74.3,55.0,90.0,65.0,No,48.0,69.0
107,9th,C,15,Male,1.2,9.0,Postgraduate,None,Yes,92.0,68.0,40.0,60.0,Yes,66.0,66.0
108,10th,B,15,Female,2.6,7.0,High School,None,Yes,91.0,75.0,75.0,51.0,Yes,95.0,85.0
109,10th,A,16,Female,1.2,7.0,High School,Minor,Yes,82.0,42.0,62.0,77.0,Yes,86.0,72.0
110,8th,A,16,Male,4.5,8.0,Primary,Minor,No,76.0,48.0,52.0,72.0,No,80.0,70.0
111,9th,A,16,Female,4.4,9.0,Primary,Frequent,Yes,81.0,83.0,77.0,71.0,Yes,55.0,83.0
112,8th,C,16,Male,3.2,9.0,PUC,Minor,No,84.0,64.0,46.0,84.0,Yes,41.0,63.0
113,9th,A,14,Female,4.8,8.0,High School,Minor,No,85.0,71.0,50.0,65.0,No,91.0,83.0
114,10th,C,16,Female,3.7,7.0,High School,Minor,Yes,89.0,55.0,55.0,79.0,Yes,71.0,77.0
115,9th,C,16,Male,1.2,6.0,High School,Frequent,Yes,83.0,45.0,68.0,61.0,Yes,40.0,59.0
116,9th,A,13,Female,1.7,9.0,Postgraduate,Minor,Yes,66.8,60.0,86.0,73.0,Yes,58.0,71.0
117,8th,A,15,Female,2.0,9.0,PUC,Frequent,Yes,74.0,93.0,93.0,64.0,Yes,93.0,86.0
118,9th,B,15,Female,2.7,6.0,Primary,Frequent,No,79.0,94.0,63.0,51.0,No,46.0,73.0
119,9th,B,15,Female,1.3,6.0,High School,Minor,Yes,95.0,76.0,83.0,50.0,No,63.0,71.0
120,8th,B,13,Female,4.0,5.0,High School,Frequent,Yes,72.0,60.0,83.0,89.0,No,67.0,84.0
121,9th,C,13,Female,3.6,7.0,Degree,Minor,Yes,83.0,56.0,87.0,52.0,No,42.0,69.0
122,9th,B,16,Female,4.1,7.0,PUC,None,Yes,68.0,48.0,88.0,86.0,No,83.0,80.0
123,10th,B,16,Female,3.2,8.0,Degree,Frequent,No,86.0,47.0,82.0,64.0,No,63.0,70.0
124,10th,C,14,Male,5.2,7.0,Degree,None,Yes,74.2,64.0,40.0,81.0,No,62.0,77.0
125,9th,B,14,Female,3.3,6.0,Postgraduate,Frequent,Yes,87.8,54.0,40.0,92.0,No,93.0,74.0
126,8th,A,14,Male,1.1,8.0,PUC,Frequent,No,77.0,48.0,50.0,52.0,No,72.0,62.0
127,9th,C,16,Male,5.4,8.0,Primary,None,Yes,80.0,49.0,72.0,85.0,No,61.0,77.0
128,8th,C,13,Female,4.3,7.0,Postgraduate,None,Yes,91.0,69.0,40.0,100.0,No,82.0,79.0
129,8th,A,13,Female,5.1,9.0,Primary,Frequent,Yes,94.0,56.0,75.0,71.0,No,75.0,79.0
130,9th,B,14,Female,5.8,6.0,High School,Minor,Yes,72.0,66.0,40.0,100.0,No,87.0,87.0
131,8th,A,14,Male,1.3,6.0,Postgraduate,Frequent,Yes,75.0,52.0,90.0,93.0,Yes,69.0,78.0
132,10th,C,15,Male,2.2,6.0,Postgraduate,Minor,Yes,73.0,42.0,71.0,67.0,Yes,61.0,64.0
133,9th,B,13,Female,1.3,9.0,PUC,Minor,Yes,66.6,85.0,94.0,77.0,No,82.0,83.0
134,10th,B,14,Male,3.1,8.0,Primary,Minor,Yes,85.0,69.0,50.0,56.0,No,67.0,67.0
135,9th,C,15,Male,5.3,6.0,Degree,Frequent,Yes,98.0,42.0,80.0,57.0,No,44.0,67.0
136,9th,A,15,Male,1.4,7.0,PUC,None,No,82.6,64.0,51.0,62.0,Yes,47.0,62.0
137,10th,A,13,Male,3.4,6.0,High School,Frequent,Yes,97.0,77.0,47.0,58.0,No,43.0,69.0
138,8th,A,16,Male,1.6,7.0,Postgraduate,Minor,Yes,66.5,61.0,79.0,66.0,Yes,69.0,68.0
139,10th,C,14,Male,4.9,9.0,Postgraduate,Frequent,No,87.0,86.0,51.0,68.0,No,92.0,86.0
140,8th,B,16,Male,5.2,8.0,Primary,None,Yes,82.0,66.0,45.0,98.0,Yes,65.0,75.0
141,9th,C,16,Male,1.2,6.0,PUC,Minor,Yes,99.8,88.0,59.0,80.0,Yes,40.0,69.0
142,9th,A,14,Female,3.4,6.0,Primary,Frequent,Yes,86.0,70.0,70.0,55.0,No,68.0,78.0
143,10th,B,13,Male,2.2,7.0,PUC,Minor,Yes,65.5,43.0,70.0,51.0,No,76.0,62.0
144,10th,A,16,Male,5.8,9.0,Postgraduate,Frequent,Yes,89.0,59.0,84.0,88.0,No,75.0,87.0
145,8th,C,13,Male,5.7,8.0,PUC,Minor,Yes,83.0,83.0,65.0,89.0,No,53.0,83.0
146,10th,A,16,Female,4.1,5.0,PUC,Minor,Yes,82.0,41.0,45.0,85.0,Yes,76.0,67.0
147,9th,A,13,Female,5.9,6.0,High School,Minor,Yes,81.0,63.0,71.0,99.0,No,63.0,85.0
148,8th,A,15,Female,2.7,5.0,High School,Frequent,Yes,96.8,56.0,50.0,90.0,No,94.0,74.0
149,9th,B,13,Male,5.5,5.0,High School,Minor,No,84.0,57.0,69.0,98.0,Yes,88.0,84.0
150,9th,C,16,Female,3.2,8.0,Primary,Minor,No,80.0,90.0,66.0,77.0,No,60.0,79.0
151,9th,C,16,Male,2.2,7.0,PUC,Frequent,Yes,96.0,71.0,95.0,83.0,No,76.0,86.0
152,10th,A,14,Female,5.7,5.0,Degree,Minor,Yes,95.3,55.0,44.0,92.0,No,58.0,71.0
153,10th,B,13,Female,4.4,6.0,High School,None,Yes,66.0,64.0,94.0,89.0,Yes,80.0,85.0
154,9th,A,14,Male,1.3,7.0,Postgraduate,None,Yes,85.0,46.0,54.0,71.0,No,59.0,60.0
155,10th,B,13,Female,5.4,8.0,Postgraduate,Frequent,Yes,68.0,94.0,86.0,85.0,Yes,68.0,95.0
156,8th,B,13,Male,4.5,5.0,High School,Minor,Yes,93.0,43.0,60.0,65.0,Yes,68.0,70.0
157,8th,A,15,Female,4.0,7.0,High School,Frequent,Yes,80.1,44.0,60.0,90.0,Yes,91.0,73.0
158,9th,C,13,Female,4.7,6.0,Postgraduate,Minor,No,74.0,88.0,79.0,86.0,Yes,91.0,89.0
159,8th,B,14,Male,2.3,7.0,PUC,Frequent,Yes,65.0,93.0,67.0,58.0,No,56.0,78.0
160,10th,C,15,Male,4.0,8.0,Degree,Minor,Yes,75.0,74.0,40.0,87.0,Yes,47.0,72.0
161,8th,C,16,Female,5.1,7.0,Postgraduate,Frequent,Yes,84.0,50.0,40.0,80.0,No,42.0,67.0
162,8th,C,13,Male,1.3,6.0,Degree,Frequent,No,94.0,85.0,42.0,71.0,Yes,68.0,70.0
163,10th,B,14,Female,1.7,9.0,Degree,None,Yes,77.0,63.0,95.0,91.0,No,60.0,85.0
164,10th,C,16,Female,5.2,9.0,Postgraduate,None,Yes,66.7,49.0,45.0,94.0,No,83.0,74.0
165,8th,A,14,Female,4.1,8.0,Postgraduate,None,Yes,90.0,49.0,58.0,86.0,No,66.0,77.0
166,9th,A,13,Female,3.7,5.0,PUC,Frequent,No,71.0,95.0,48.0,62.0,Yes,50.0,72.0
167,10th,A,15,Male,2.2,6.0,Degree,Frequent,Yes,100.0,58.0,40.0,80.0,Yes,89.0,75.0
168,8th,C,13,Male,2.5,5.0,Primary,Frequent,Yes,68.0,48.0,82.0,91.0,Yes,69.0,75.0
169,10th,B,13,Female,5.4,6.0,Postgraduate,Frequent,Yes,68.0,47.0,49.0,68.0,No,90.0,74.0
170,10th,C,13,Female,3.1,6.0,Primary,None,Yes,71.0,81.0,64.0,61.0,Yes,94.0,77.0
171,8th,B,13,Female,1.3,5.0,Degree,None,Yes,71.0,63.0,90.0,72.0,Yes,72.0,75.0
172,9th,A,14,Female,5.5,7.0,Postgraduate,None,Yes,88.6,86.0,42.0,98.0,Yes,43.0,84.0
173,8th,A,15,Male,2.0,5.0,Degree,None,Yes,100.0,50.0,93.0,77.0,No,81.0,85.0
174,9th,C,13,Male,5.1,6.0,Primary,Minor,Yes,94.0,45.0,87.0,58.0,No,80.0,82.0
175,10th,C,14,Male,5.4,5.0,Degree,Frequent,Yes,77.0,73.0,70.0,95.0,No,77.0,91.0
176,9th,A,13,Female,3.4,7.0,Primary,Frequent,No,76.0,73.0,45.0,53.0,No,77.0,65.0
177,8th,A,15,Male,4.0,5.0,Degree,None,No,72.0,95.0,80.0,85.0,Yes,64.0,92.0
178,8th,B,16,Male,3.6,7.0,Primary,None,Yes,96.7,41.0,67.0,98.0,Yes,86.0,78.0
179,8th,A,14,Male,4.1,7.0,Postgraduate,Frequent,No,98.0,91.0,73.0,65.0,Yes,84.0,89.0
180,8th,C,15,Female,5.3,5.0,PUC,None,No,79.0,48.0,55.0,96.0,No,76.0,76.0
181,8th,B,13,Male,2.4,7.0,Postgraduate,Frequent,No,89.0,89.0,78.0,94.0,No,77.0,92.0
182,10th,C,13,Female,5.4,5.0,PUC,Frequent,Yes,91.4,89.0,45.0,93.0,No,68.0,82.0
183,10th,B,16,Female,3.8,6.0,Postgraduate,Minor,Yes,68.3,55.0,53.0,94.0,No,76.0,73.0
184,10th,A,15,Male,1.6,5.0,Primary,None,No,75.0,78.0,42.0,57.0,Yes,44.0,61.0
185,9th,B,15,Female,2.1,7.0,Primary,None,Yes,77.0,82.0,70.0,77.0,Yes,42.0,70.0
186,10th,A,15,Female,4.0,5.0,PUC,Minor,Yes,84.0,54.0,55.0,88.0,Yes,48.0,75.0
187,8th,B,13,Female,2.2,5.0,PUC,Minor,Yes,85.0,87.0,84.0,84.0,Yes,95.0,88.0
188,8th,A,14,Female,1.7,5.0,PUC,Minor,Yes,74.0,68.0,72.0,87.0,No,83.0,79.0
189,9th,C,15,Female,1.8,9.0,PUC,Frequent,Yes,71.0,52.0,93.0,94.0,Yes,92.0,81.0
190,9th,A,15,Male,5.2,5.0,Primary,Frequent,Yes,100.0,75.0,51.0,79.0,Yes,93.0,82.0
191,9th,B,15,Female,4.0,9.0,High School,Frequent,Yes,93.0,74.0,84.0,58.0,Yes,70.0,78.0
192,9th,C,15,Female,5.8,8.0,PUC,Frequent,No,99.8,75.0,44.0,82.0,Yes,57.0,79.0
193,8th,C,16,Female,2.7,8.0,High School,Minor,Yes,77.0,56.0,81.0,55.0,No,69.0,72.0
194,9th,B,16,Female,4.0,5.0,Degree,None,Yes,84.1,83.0,55.0,58.0,No,68.0,80.0
195,10th,C,13,Male,4.0,5.0,Degree,Frequent,No,93.4,74.0,50.0,50.0,Yes,44.0,68.0
196,8th,C,15,Female,4.1,8.0,Primary,None,Yes,71.0,51.0,53.0,75.0,No,50.0,69.0
197,10th,B,16,Male,1.3,9.0,Postgraduate,None,No,89.0,55.0,47.0,77.0,No,89.0,73.0
198,8th,B,14,Male,4.8,6.0,Degree,Minor,No,69.0,78.0,93.0,65.0,Yes,94.0,94.0
199,8th,C,14,Male,5.7,5.0,Postgraduate,Minor,Yes,91.0,57.0,53.0,66.0,No,85.0,77.0
200,8th,B,15,Male,3.7,8.0,Degree,None,Yes,89.0,64.0,62.0,54.0,No,43.0,67.0
201,9th,C,13,Female,2.0,8.0,Primary,Frequent,Yes,86.2,50.0,87.0,53.0,Yes,90.0,72.0
202,10th,C,15,Male,4.8,8.0,PUC,None,Yes,74.9,83.0,90.0,77.0,Yes,60.0,91.0
203,9th,B,13,Male,1.0,8.0,High School,None,Yes,93.0,87.0,75.0,67.0,Yes,64.0,74.0
204,8th,A,15,Male,2.6,6.0,Postgraduate,Minor,Yes,88.9,85.0,64.0,52.0,Yes,62.0,77.0
205,9th,B,14,Male,5.6,5.0,Primary,Minor,Yes,98.0,51.0,87.0,59.0,No,90.0,83.0
206,9th,B,14,Male,3.9,9.0,Primary,Minor,No,79.0,53.0,58.0,59.0,Yes,40.0,60.0
207,9th,A,14,Male,5.3,8.0,PUC,Frequent,Yes,74.9,75.0,58.0,67.0,No,46.0,70.0
208,9th,B,15,Female,4.0,9.0,PUC,Minor,Yes,84.7,70.0,54.0,60.0,Yes,42.0,70.0
209,9th,A,14,Male,5.1,5.0,Postgraduate,Frequent,Yes,65.0,45.0,78.0,95.0,No,58.0,73.0
210,8th,A,14,Female,5.4,5.0,Degree,Minor,Yes,73.0,88.0,94.0,83.0,No,77.0,95.0
211,8th,C,13,Male,2.6,5.0,PUC,Minor,Yes,65.0,44.0,91.0,70.0,Yes,65.0,69.0
212,8th,B,15,Female,1.6,7.0,Primary,Frequent,No,93.0,44.0,54.0,60.0,No,55.0,62.0
213,10th,A,13,Female,4.6,6.0,Postgraduate,Minor,Yes,95.5,93.0,58.0,90.0,No,71.0,84.0
214,10th,B,16,Male,3.2,8.0,Degree,Frequent,Yes,100.7,88.0,59.0,50.0,No,58.0,72.0
215,9th,C,14,Male,1.6,7.0,Degree,Frequent,Yes,94.0,50.0,85.0,94.0,Yes,94.0,85.0
216,8th,B,13,Female,3.9,5.0,Degree,None,No,83.0,86.0,74.0,77.0,No,64.0,81.0
217,9th,B,14,Male,1.2,5.0,Postgraduate,None,No,80.0,40.0,52.0,73.0,No,68.0,61.0
218,9th,A,14,Female,2.0,8.0,High School,Frequent,Yes,89.4,62.0,42.0,54.0,Yes,43.0,59.0
219,8th,B,16,Female,4.9,6.0,PUC,None,Yes,86.0,88.0,78.0,61.0,No,77.0,88.0
220,8th,C,13,Female,1.1,8.0,Primary,None,Yes,89.7,89.0,47.0,82.0,No,95.0,77.0
221,10th,A,14,Female,2.5,7.0,High School,Frequent,Yes,73.0,87.0,93.0,97.0,No,58.0,90.0
222,8th,B,16,Female,1.1,6.0,Degree,None,Yes,97.0,85.0,51.0,70.0,No,79.0,79.0
223,8th,C,14,Male,6.0,7.0,Primary,None,Yes,83.0,77.0,80.0,98.0,No,55.0,92.0
224,10th,B,14,Male,3.9,5.0,High School,Minor,No,97.0,94.0,54.0,54.0,Yes,70.0,83.0
225,9th,B,15,Male,2.5,9.0,Degree,None,Yes,83.0,69.0,64.0,71.0,No,41.0,66.0
226,8th,A,14,Male,5.6,5.0,Primary,None,No,87.0,55.0,55.0,60.0,No,76.0,78.0
227,8th,C,13,Male,3.5,8.0,PUC,None,Yes,88.0,56.0,43.0,76.0,Yes,89.0,74.0
228,10th,C,13,Female,3.3,7.0,Postgraduate,Minor,No,78.0,41.0,48.0,83.0,Yes,68.0,70.0
229,10th,C,16,Female,3.9,9.0,High School,Minor,No,88.0,79.0,70.0,58.0,No,48.0,78.0
230,8th,B,15,Male,2.3,5.0,Postgraduate,Frequent,Yes,74.0,73.0,70.0,57.0,No,63.0,71.0
231,8th,B,14,Male,2.5,6.0,Postgraduate,Frequent,No,92.7,95.0,75.0,66.0,No,51.0,78.0
232,8th,A,13,Male,2.9,8.0,High School,Frequent,Yes,67.0,76.0,73.0,99.0,Yes,78.0,85.0
233,9th,C,16,Female,2.2,5.0,High School,Frequent,Yes,73.0,60.0,61.0,89.0,Yes,87.0,77.0
234,8th,B,16,Female,3.9,9.0,Degree,Frequent,Yes,70.0,76.0,53.0,87.0,Yes,40.0,74.0
235,8th,C,13,Male,4.5,7.0,PUC,Frequent,Yes,81.0,60.0,45.0,60.0,No,52.0,70.0
236,9th,B,16,Female,1.4,8.0,Postgraduate,None,Yes,75.0,42.0,57.0,60.0,No,78.0,64.0
237,9th,B,14,Female,5.9,7.0,Postgraduate,Frequent,Yes,71.6,85.0,53.0,53.0,No,63.0,74.0
238,8th,C,15,Female,4.8,8.0,Degree,Frequent,No,66.0,92.0,76.0,72.0,No,42.0,79.0
239,10th,B,16,Male,5.0,8.0,PUC,Minor,Yes,100.6,85.0,93.0,79.0,No,60.0,95.0
240,10th,B,14,Male,4.8,9.0,Postgraduate,Frequent,Yes,73.0,41.0,44.0,91.0,No,80.0,68.0
241,8th,C,14,Male,1.4,7.0,Degree,Frequent,No,66.0,53.0,65.0,56.0,No,92.0,66.0
242,9th,C,13,Male,3.4,5.0,High School,Minor,Yes,68.0,78.0,91.0,80.0,No,86.0,92.0
243,9th,B,14,Female,3.2,8.0,Degree,Frequent,Yes,92.0,88.0,66.0,69.0,No,82.0,81.0
244,8th,A,13,Female,4.4,7.0,Postgraduate,Minor,Yes,69.0,75.0,63.0,67.0,No,68.0,82.0
245,10th,A,14,Male,3.2,6.0,PUC,None,Yes,72.0,47.0,78.0,96.0,No,57.0,76.0
246,9th,A,13,Female,4.5,9.0,High School,None,Yes,91.4,78.0,64.0,65.0,No,61.0,77.0
247,10th,A,14,Male,4.4,5.0,Primary,None,Yes,100.0,59.0,58.0,50.0,No,77.0,78.0
248,10th,B,16,Male,4.5,8.0,Degree,Frequent,Yes,73.4,92.0,60.0,99.0,Yes,70.0,92.0
249,10th,C,14,Female,4.1,8.0,PUC,Frequent,Yes,82.0,93.0,53.0,69.0,No,79.0,79.0
250,9th,A,14,Female,1.8,8.0,High School,Minor,Yes,75.3,72.0,64.0,96.0,No,64.0,74.0
251,8th,C,16,Male,4.8,9.0,High School,Minor,Yes,80.0,68.0,66.0,91.0,No,70.0,86.0
252,10th,B,14,Male,4.9,8.0,Primary,Minor,Yes,80.5,64.0,48.0,79.0,No,46.0,74.0
253,9th,A,13,Male,5.5,5.0,Primary,Frequent,Yes,86.0,78.0,79.0,50.0,No,91.0,91.0
254,9th,A,15,Male,2.2,8.0,High School,Minor,Yes,70.0,93.0,90.0,51.0,No,57.0,77.0
255,10th,B,14,Male,1.9,5.0,Postgraduate,None,No,66.0,79.0,87.0,56.0,Yes,73.0,72.0
256,9th,A,16,Female,3.0,6.0,Primary,Minor,Yes,79.0,64.0,77.0,85.0,No,77.0,78.0
257,10th,A,13,Female,2.6,5.0,Degree,None,Yes,81.0,48.0,91.0,98.0,No,62.0,77.0
258,10th,C,13,Female,5.1,5.0,High School,Minor,Yes,99.0,66.0,73.0,50.0,No,62.0,73.0
259,9th,A,15,Female,4.1,6.0,High School,Minor,Yes,100.0,69.0,68.0,82.0,Yes,50.0,78.0
260,8th,C,14,Female,4.8,9.0,Primary,Minor,Yes,86.0,43.0,67.0,82.0,Yes,50.0,73.0
261,10th,B,16,Male,3.1,8.0,Degree,None,Yes,72.1,54.0,70.0,91.0,Yes,60.0,72.0
262,10th,C,13,Female,1.5,9.0,Degree,Minor,No,81.1,61.0,85.0,76.0,Yes,42.0,73.0
263,8th,C,15,Male,1.6,9.0,Primary,Minor,Yes,82.0,41.0,54.0,93.0,Yes,84.0,72.0
264,10th,A,15,Male,2.9,9.0,Degree,Minor,Yes,86.0,82.0,90.0,77.0,No,83.0,89.0
265,9th,B,15,Female,2.0,5.0,Primary,None,Yes,77.0,93.0,50.0,66.0,Yes,76.0,73.0
266,8th,B,13,Female,5.1,5.0,Degree,Frequent,Yes,72.0,42.0,67.0,97.0,Yes,43.0,70.0
267,8th,B,14,Male,4.0,6.0,Postgraduate,None,Yes,85.0,51.0,87.0,62.0,No,80.0,76.0
268,8th,B,16,Female,4.4,8.0,Degree,Frequent,Yes,88.0,88.0,60.0,89.0,Yes,76.0,84.0
269,10th,B,16,Female,3.5,7.0,High School,Minor,Yes,98.0,50.0,62.0,69.0,No,61.0,66.0
270,8th,C,16,Female,1.4,8.0,Postgraduate,None,Yes,80.0,95.0,77.0,50.0,Yes,82.0,78.0
271,9th,A,14,Female,2.2,5.0,High School,Frequent,Yes,94.0,67.0,69.0,71.0,No,43.0,73.0
272,8th,A,14,Male,3.3,5.0,High School,None,Yes,69.0,65.0,52.0,54.0,Yes,82.0,71.0
273,8th,A,14,Male,2.0,5.0,High School,Minor,Yes,96.0,75.0,60.0,88.0,Yes,43.0,70.0
274,8th,A,15,Male,1.1,9.0,PUC,None,Yes,78.0,81.0,42.0,90.0,Yes,56.0,74.0
275,9th,A,13,Female,4.6,8.0,Postgraduate,None,No,73.3,50.0,92.0,86.0,Yes,69.0,79.0
276,10th,B,16,Female,4.6,8.0,High School,Minor,Yes,92.0,53.0,55.0,55.0,No,70.0,70.0
277,8th,A,13,Male,2.7,7.0,Primary,Minor,Yes,93.0,53.0,42.0,75.0,Yes,84.0,72.0
278,8th,C,15,Female,5.2,8.0,Degree,None,Yes,94.0,58.0,81.0,53.0,No,51.0,70.0
279,9th,A,13,Female,3.1,9.0,Degree,Frequent,No,88.4,65.0,41.0,65.0,No,55.0,66.0
280,10th,B,14,Female,5.3,6.0,High School,Frequent,Yes,82.0,78.0,73.0,58.0,No,82.0,80.0
281,8th,A,13,Female,4.3,5.0,High School,None,Yes,70.6,42.0,94.0,78.0,Yes,54.0,71.0
282,10th,A,16,Female,3.9,8.0,Postgraduate,Minor,Yes,68.0,72.0,85.0,84.0,Yes,88.0,88.0
283,10th,C,15,Female,2.0,8.0,Degree,Minor,Yes,94.0,40.0,83.0,51.0,Yes,42.0,62.0
284,9th,A,16,Female,3.6,6.0,PUC,Frequent,Yes,94.0,73.0,43.0,89.0,No,52.0,73.0
285,10th,A,13,Female,5.5,7.0,Degree,Frequent,Yes,88.0,62.0,79.0,81.0,Yes,78.0,85.0
286,8th,C,15,Female,2.5,7.0,Degree,None,No,82.0,68.0,87.0,69.0,Yes,58.0,77.0
287,10th,B,15,Male,5.4,8.0,High School,None,Yes,90.0,75.0,63.0,75.0,Yes,59.0,77.0
288,9th,B,13,Male,5.5,5.0,PUC,None,Yes,76.0,66.0,44.0,69.0,No,77.0,77.0
289,8th,A,14,Female,2.6,6.0,Primary,Minor,Yes,87.0,42.0,79.0,72.0,No,77.0,72.0
290,9th,C,16,Female,4.4,9.0,High School,Frequent,Yes,66.0,41.0,86.0,84.0,Yes,75.0,77.0
291,8th,A,13,Male,5.5,6.0,PUC,Minor,No,76.0,60.0,44.0,61.0,No,52.0,69.0
292,8th,C,13,Male,1.4,9.0,High School,Frequent,Yes,91.0,69.0,45.0,82.0,Yes,71.0,74.0
293,9th,A,13,Female,5.4,7.0,Postgraduate,Minor,Yes,81.4,46.0,47.0,99.0,No,48.0,71.0
294,10th,C,14,Male,2.0,5.0,High School,Frequent,Yes,90.0,87.0,47.0,79.0,No,90.0,81.0
295,9th,C,15,Male,5.2,7.0,Postgraduate,Minor,Yes,73.0,41.0,73.0,82.0,No,49.0,71.0
296,8th,C,16,Female,4.3,8.0,PUC,None,Yes,67.0,81.0,65.0,80.0,No,95.0,90.0
297,8th,B,14,Female,2.7,8.0,Primary,Frequent,Yes,96.0,45.0,82.0,56.0,No,74.0,71.0
298,8th,B,13,Female,1.8,8.0,PUC,Frequent,Yes,71.7,49.0,47.0,73.0,Yes,46.0,57.0
299,9th,B,13,Male,4.2,7.0,Postgraduate,Frequent,No,78.5,57.0,68.0,70.0,Yes,87.0,76.0
300,10th,B,16,Male,5.2,6.0,Primary,None,Yes,86.0,63.0,87.0,73.0,No,48.0,82.0
301,8th,B,13,Male,5.1,7.0,Primary,Frequent,Yes,69.0,57.0,44.0,75.0,No,58.0,69.0
302,10th,B,14,Male,4.1,7.0,Degree,Frequent,Yes,94.0,52.0,91.0,53.0,No,70.0,81.0
303,10th,C,15,Female,5.8,9.0,Primary,None,Yes,85.0,51.0,86.0,98.0,No,95.0,92.0
304,10th,A,13,Female,3.9,8.0,PUC,None,No,93.0,45.0,41.0,81.0,Yes,43.0,67.0
305,8th,A,13,Male,2.0,6.0,Postgraduate,Frequent,Yes,87.2,49.0,66.0,74.0,No,44.0,62.0
306,10th,B,16,Male,3.1,8.0,High School,Frequent,Yes,94.0,83.0,50.0,88.0,Yes,79.0,78.0
307,8th,A,15,Female,2.7,5.0,Degree,None,Yes,84.2,40.0,64.0,58.0,No,47.0,65.0
308,9th,B,16,Female,6.0,6.0,PUC,Frequent,Yes,94.0,61.0,80.0,100.0,Yes,50.0,82.0
309,10th,C,15,Male,2.9,8.0,Primary,None,Yes,85.6,64.0,79.0,66.0,No,64.0,74.0
310,8th,A,16,Female,6.0,6.0,Primary,Minor,Yes,79.0,95.0,88.0,57.0,No,81.0,91.0
311,8th,A,16,Male,3.6,5.0,Postgraduate,None,No,67.0,57.0,72.0,52.0,Yes,78.0,75.0
312,9th,A,16,Female,1.9,5.0,Postgraduate,None,No,90.7,80.0,76.0,69.0,Yes,44.0,75.0
313,10th,B,15,Male,1.4,9.0,Postgraduate,Frequent,No,66.0,66.0,91.0,93.0,Yes,77.0,82.0
314,8th,A,16,Female,2.9,8.0,High School,Minor,Yes,94.0,68.0,63.0,93.0,Yes,58.0,78.0
315,10th,B,15,Male,1.6,7.0,High School,Frequent,Yes,99.0,63.0,59.0,82.0,No,57.0,75.0
316,10th,C,16,Male,4.2,8.0,PUC,None,Yes,80.0,41.0,43.0,75.0,Yes,41.0,61.0
317,9th,A,16,Female,3.1,5.0,PUC,None,Yes,72.0,53.0,42.0,59.0,Yes,92.0,66.0
318,8th,B,14,Female,6.0,5.0,Postgraduate,Frequent,Yes,70.0,73.0,43.0,53.0,Yes,64.0,68.0
319,8th,A,16,Male,5.6,9.0,High School,None,Yes,80.0,56.0,86.0,60.0,Yes,55.0,74.0
320,10th,B,15,Male,1.7,6.0,PUC,Minor,Yes,75.0,55.0,40.0,82.0,Yes,43.0,58.0
321,9th,A,13,Female,3.0,6.0,Degree,None,Yes,77.0,87.0,67.0,51.0,No,77.0,77.0
322,8th,B,16,Female,3.3,5.0,PUC,Minor,Yes,72.0,53.0,60.0,83.0,Yes,81.0,72.0
323,8th,B,15,Female,3.8,6.0,Primary,None,Yes,75.0,49.0,67.0,61.0,No,49.0,62.0
324,9th,B,13,Female,4.9,7.0,High School,Minor,No,94.7,83.0,80.0,81.0,Yes,78.0,88.0
325,9th,B,13,Male,3.4,9.0,Degree,None,No,99.0,77.0,54.0,81.0,No,71.0,76.0
326,9th,A,13,Female,3.1,6.0,Degree,Frequent,Yes,91.0,64.0,57.0,64.0,Yes,80.0,77.0
327,10th,C,16,Male,2.3,7.0,PUC,None,Yes,65.0,65.0,76.0,85.0,Yes,53.0,76.0
328,8th,B,16,Female,5.6,8.0,Postgraduate,Frequent,Yes,84.0,44.0,52.0,99.0,No,78.0,79.0
329,9th,B,13,Female,1.1,9.0,Primary,Frequent,Yes,90.0,55.0,67.0,92.0,No,74.0,72.0
330,8th,B,16,Female,5.1,6.0,PUC,Frequent,Yes,86.0,70.0,50.0,64.0,No,87.0,81.0
331,10th,A,14,Female,1.9,6.0,PUC,Frequent,Yes,69.0,95.0,65.0,98.0,No,55.0,80.0
332,8th,C,15,Male,4.4,6.0,PUC,Frequent,Yes,66.0,94.0,86.0,88.0,Yes,84.0,94.0
333,9th,C,15,Female,2.8,6.0,Postgraduate,Minor,Yes,71.0,95.0,50.0,73.0,Yes,88.0,79.0
334,9th,B,16,Male,5.9,8.0,Degree,None,No,79.0,65.0,89.0,73.0,Yes,46.0,82.0
335,8th,A,16,Male,1.6,6.0,Degree,Frequent,Yes,85.0,72.0,47.0,62.0,No,68.0,67.0
336,10th,B,14,Female,1.9,5.0,PUC,Frequent,No,98.0,87.0,79.0,54.0,Yes,50.0,73.0
337,8th,B,16,Female,5.4,7.0,Degree,Frequent,Yes,74.0,47.0,86.0,80.0,Yes,66.0,84.0
338,8th,A,16,Female,3.9,9.0,PUC,Minor,Yes,67.0,86.0,42.0,50.0,Yes,84.0,70.0
339,10th,A,14,Male,2.5,9.0,Degree,Minor,Yes,90.0,51.0,43.0,75.0,Yes,81.0,70.0
340,9th,C,16,Female,1.0,5.0,High School,None,Yes,98.0,88.0,78.0,88.0,No,79.0,88.0
341,9th,A,13,Male,2.1,7.0,Degree,Minor,Yes,66.0,43.0,83.0,87.0,No,77.0,78.0
342,9th,A,15,Female,1.7,6.0,Postgraduate,Frequent,Yes,86.0,56.0,73.0,92.0,Yes,77.0,76.0
343,10th,C,15,Male,2.0,7.0,Degree,None,Yes,84.0,44.0,72.0,80.0,No,62.0,69.0
344,8th,C,15,Male,5.5,5.0,Primary,Frequent,Yes,74.0,94.0,64.0,91.0,Yes,44.0,87.0
345,8th,C,13,Male,5.4,7.0,High School,Frequent,Yes,84.2,58.0,41.0,61.0,No,46.0,65.0
346,8th,A,15,Female,4.5,5.0,PUC,Minor,Yes,77.0,73.0,65.0,77.0,No,69.0,77.0
347,10th,C,15,Male,3.4,6.0,Degree,None,Yes,79.0,88.0,54.0,67.0,No,44.0,76.0
348,8th,C,14,Female,5.1,5.0,High School,None,No,79.0,66.0,50.0,50.0,No,66.0,69.0
349,9th,C,13,Female,3.5,8.0,Postgraduate,None,Yes,75.0,66.0,87.0,95.0,No,57.0,83.0
350,9th,C,13,Male,2.8,6.0,Degree,None,No,72.8,64.0,78.0,82.0,Yes,65.0,76.0
351,9th,C,13,Female,2.4,7.0,PUC,Frequent,Yes,71.0,72.0,53.0,64.0,Yes,88.0,70.0
352,9th,B,13,Female,5.6,5.0,PUC,None,No,98.0,92.0,93.0,66.0,No,83.0,92.0
353,10th,B,15,Male,2.9,8.0,Degree,None,Yes,90.0,82.0,51.0,82.0,No,82.0,76.0
354,8th,C,14,Male,3.5,8.0,Degree,Frequent,Yes,83.0,70.0,82.0,68.0,Yes,73.0,81.0
355,8th,C,16,Male,2.3,9.0,PUC,Frequent,No,88.0,42.0,82.0,93.0,Yes,85.0,76.0
356,9th,B,16,Male,5.4,5.0,PUC,Minor,Yes,92.0,55.0,94.0,85.0,Yes,41.0,81.0
357,9th,C,14,Female,2.9,9.0,High School,None,Yes,65.9,65.0,80.0,78.0,Yes,93.0,82.0
358,10th,A,13,Female,2.5,6.0,Postgraduate,None,Yes,80.0,50.0,72.0,86.0,No,65.0,73.0
359,10th,A,15,Female,4.6,6.0,Degree,Minor,Yes,72.0,68.0,74.0,80.0,Yes,68.0,82.0
360,8th,A,15,Female,2.0,8.0,Degree,Minor,No,95.0,54.0,45.0,87.0,Yes,59.0,68.0
361,9th,B,14,Female,1.6,7.0,Degree,Minor,No,82.7,72.0,80.0,96.0,Yes,58.0,84.0
362,10th,C,15,Female,5.2,5.0,Postgraduate,Frequent,Yes,88.0,46.0,40.0,72.0,Yes,88.0,73.0
363,10th,C,14,Male,4.7,5.0,High School,None,Yes,76.0,87.0,56.0,57.0,No,65.0,77.0
364,10th,A,15,Male,4.0,6.0,High School,Minor,Yes,75.0,47.0,90.0,86.0,No,46.0,74.0
365,10th,C,14,Female,2.2,6.0,Primary,None,Yes,71.0,71.0,88.0,81.0,Yes,55.0,76.0
366,8th,C,15,Female,4.1,5.0,PUC,Frequent,Yes,82.7,91.0,51.0,95.0,No,46.0,82.0
367,8th,C,13,Female,4.2,7.0,Primary,None,Yes,93.0,83.0,54.0,97.0,Yes,43.0,83.0
368,9th,A,13,Female,2.6,7.0,Degree,Frequent,Yes,96.0,75.0,84.0,74.0,Yes,89.0,84.0
369,10th,A,15,Male,1.3,7.0,Postgraduate,None,Yes,89.8,85.0,93.0,77.0,Yes,71.0,89.0
370,10th,C,15,Male,5.4,5.0,High School,Minor,No,87.4,68.0,95.0,60.0,No,65.0,80.0
371,9th,C,13,Female,3.3,8.0,Postgraduate,None,Yes,88.0,68.0,92.0,89.0,No,57.0,80.0
372,8th,B,14,Female,4.8,7.0,Primary,Minor,Yes,86.0,67.0,54.0,66.0,No,77.0,78.0
373,9th,B,15,Male,2.3,7.0,Primary,Frequent,No,84.0,55.0,71.0,78.0,No,49.0,74.0
374,8th,C,13,Female,4.0,8.0,PUC,None,Yes,69.0,49.0,79.0,90.0,No,52.0,75.0
375,10th,B,15,Female,3.1,7.0,Degree,None,Yes,88.0,89.0,72.0,88.0,Yes,88.0,89.0
376,10th,B,16,Female,2.9,7.0,High School,Minor,Yes,91.0,70.0,58.0,79.0,No,44.0,69.0
377,9th,C,13,Female,1.6,6.0,Primary,Frequent,Yes,75.0,71.0,74.0,80.0,No,86.0,78.0
378,10th,A,16,Male,2.2,8.0,Degree,None,Yes,84.0,93.0,48.0,55.0,No,73.0,76.0
379,9th,A,14,Female,1.4,9.0,Postgraduate,Minor,Yes,90.0,46.0,84.0,52.0,Yes,77.0,68.0
380,9th,C,13,Female,2.5,9.0,High School,Frequent,Yes,98.0,84.0,66.0,89.0,No,50.0,82.0
381,8th,B,13,Female,4.7,7.0,Degree,Minor,Yes,86.0,76.0,69.0,91.0,No,72.0,84.0
382,8th,C,16,Male,4.1,9.0,High School,None,Yes,89.1,89.0,71.0,82.0,Yes,62.0,85.0
383,10th,C,16,Male,4.4,7.0,High School,None,No,90.0,81.0,72.0,73.0,Yes,92.0,87.0
384,10th,B,15,Female,1.0,9.0,PUC,Frequent,No,85.0,91.0,94.0,81.0,No,61.0,81.0
385,9th,B,16,Male,4.4,5.0,High School,Minor,No,99.0,61.0,50.0,66.0,Yes,64.0,71.0
386,8th,C,13,Male,3.5,7.0,High School,None,No,86.0,42.0,67.0,64.0,Yes,57.0,70.0
387,9th,A,16,Male,2.2,9.0,High School,Frequent,No,94.0,77.0,59.0,97.0,No,46.0,80.0
388,9th,C,15,Male,1.9,5.0,Primary,Minor,Yes,90.3,73.0,78.0,66.0,Yes,95.0,83.0
389,10th,B,16,Male,1.9,7.0,Primary,Minor,No,72.0,47.0,85.0,86.0,No,81.0,80.0
390,10th,A,14,Female,5.2,8.0,PUC,Frequent,Yes,71.0,67.0,42.0,91.0,Yes,87.0,80.0
391,8th,B,15,Female,5.9,8.0,High School,None,No,71.4,71.0,93.0,76.0,Yes,92.0,91.0
392,10th,C,13,Female,5.6,8.0,Degree,Frequent,Yes,77.8,66.0,84.0,73.0,Yes,46.0,78.0
393,10th,C,16,Male,2.7,7.0,Degree,Minor,Yes,68.0,89.0,53.0,94.0,Yes,52.0,73.0
394,8th,C,13,Female,4.9,6.0,Primary,None,Yes,82.8,60.0,73.0,54.0,No,49.0,68.0
395,9th,B,13,Female,3.7,9.0,High School,None,Yes,67.3,70.0,71.0,77.0,No,41.0,75.0
396,9th,C,13,Male,5.1,5.0,PUC,Frequent,No,83.0,45.0,55.0,100.0,Yes,42.0,76.0
397,10th,A,15,Female,3.4,8.0,Degree,None,Yes,100.0,41.0,56.0,79.0,No,83.0,77.0
398,9th,A,15,Female,3.9,7.0,PUC,Minor,No,97.0,66.0,78.0,64.0,No,44.0,76.0
399,9th,A,16,Male,4.9,9.0,High School,Minor,Yes,94.0,47.0,71.0,65.0,Yes,45.0,67.0
400,9th,C,16,Male,1.5,8.0,High School,None,Yes,92.0,88.0,90.0,99.0,Yes,90.0,96.0
401,10th,C,13,Male,3.7,7.0,High School,Minor,Yes,77.1,43.0,65.0,70.0,No,93.0,73.0
402,8th,C,15,Female,2.8,8.0,Degree,Frequent,Yes,89.0,69.0,88.0,80.0,Yes,64.0,82.0
403,10th,A,14,Male,4.0,8.0,High School,None,Yes,72.0,61.0,78.0,71.0,Yes,81.0,85.0
404,8th,C,16,Male,5.8,9.0,Degree,Frequent,Yes,70.8,64.0,47.0,88.0,No,54.0,75.0
405,9th,B,14,Male,3.0,8.0,Primary,Minor,Yes,88.0,67.0,89.0,68.0,Yes,90.0,89.0
406,10th,B,14,Female,3.0,8.0,Degree,Frequent,No,65.2,74.0,90.0,99.0,Yes,54.0,83.0
407,10th,B,13,Female,5.0,8.0,Degree,Minor,No,78.7,87.0,54.0,89.0,No,68.0,83.0
408,9th,A,14,Female,4.2,9.0,Primary,Frequent,No,74.0,52.0,65.0,99.0,Yes,69.0,80.0
409,10th,B,15,Male,3.0,6.0,Primary,None,Yes,68.6,56.0,83.0,69.0,Yes,48.0,69.0
410,10th,A,14,Male,4.4,9.0,Postgraduate,None,No,70.3,42.0,82.0,73.0,Yes,84.0,80.0
411,9th,B,15,Female,3.0,8.0,Postgraduate,Frequent,Yes,77.0,40.0,70.0,59.0,Yes,72.0,68.0
412,8th,B,15,Female,1.7,5.0,Primary,Frequent,Yes,97.0,47.0,53.0,54.0,No,92.0,66.0
413,9th,B,14,Male,3.3,6.0,Postgraduate,Frequent,Yes,99.0,71.0,68.0,71.0,No,60.0,80.0
414,8th,B,13,Female,2.7,9.0,High School,Minor,Yes,91.0,82.0,94.0,60.0,No,45.0,77.0
415,8th,C,14,Male,2.1,6.0,PUC,Minor,No,78.0,68.0,44.0,79.0,Yes,65.0,64.0
416,10th,C,15,Female,5.6,7.0,Degree,Frequent,Yes,72.4,68.0,81.0,53.0,Yes,66.0,76.0
417,10th,B,16,Male,4.4,5.0,Primary,Minor,Yes,95.0,80.0,78.0,76.0,No,71.0,83.0
418,8th,C,15,Female,4.0,5.0,PUC,Frequent,No,65.0,71.0,66.0,58.0,No,51.0,66.0
419,9th,B,13,Female,4.7,8.0,Primary,None,Yes,71.0,50.0,73.0,100.0,No,82.0,79.0
420,8th,A,13,Female,3.7,8.0,Primary,Frequent,Yes,72.0,74.0,79.0,60.0,Yes,91.0,81.0
421,10th,B,13,Female,4.5,8.0,High School,Minor,Yes,87.6,82.0,59.0,54.0,Yes,55.0,79.0
422,9th,A,16,Female,5.7,9.0,Degree,None,Yes,65.0,80.0,88.0,69.0,Yes,50.0,83.0
423,8th,C,15,Female,5.3,7.0,Degree,Frequent,Yes,92.0,65.0,69.0,80.0,Yes,66.0,84.0
424,8th,C,13,Male,1.8,7.0,Degree,None,Yes,97.0,84.0,83.0,76.0,No,56.0,85.0
425,9th,B,16,Male,2.3,9.0,PUC,Minor,Yes,98.0,49.0,59.0,97.0,No,91.0,77.0
426,9th,B,16,Female,1.4,9.0,Primary,Minor,No,75.0,52.0,75.0,54.0,Yes,69.0,67.0
427,9th,A,16,Female,5.9,8.0,Degree,None,Yes,100.0,41.0,65.0,96.0,No,89.0,85.0
428,8th,B,14,Female,2.2,5.0,Primary,None,Yes,74.5,52.0,67.0,78.0,Yes,55.0,71.0
429,9th,C,16,Male,4.3,7.0,High School,None,Yes,74.0,86.0,60.0,50.0,No,48.0,70.0
430,9th,A,13,Female,1.4,7.0,PUC,None,No,94.0,93.0,44.0,73.0,Yes,74.0,77.0
431,9th,C,15,Female,2.1,7.0,PUC,Minor,Yes,89.0,95.0,80.0,81.0,No,70.0,90.0
432,8th,B,15,Male,3.5,7.0,Primary,None,Yes,74.8,60.0,51.0,67.0,No,68.0,73.0
433,8th,A,16,Male,1.5,7.0,PUC,Frequent,No,91.5,93.0,91.0,100.0,No,72.0,89.0
434,9th,A,13,Female,2.9,7.0,Primary,Minor,Yes,70.0,84.0,54.0,78.0,Yes,43.0,71.0
435,9th,A,14,Male,3.7,5.0,PUC,None,Yes,85.0,79.0,54.0,58.0,No,72.0,78.0
436,8th,B,14,Female,2.7,6.0,Degree,Minor,No,66.0,95.0,87.0,92.0,Yes,78.0,95.0
437,10th,B,15,Female,3.8,8.0,High School,Frequent,Yes,97.0,65.0,49.0,64.0,No,78.0,69.0
438,10th,A,14,Female,3.7,6.0,Degree,Minor,Yes,75.9,43.0,54.0,88.0,Yes,94.0,73.0
439,8th,B,16,Male,3.0,5.0,PUC,Frequent,Yes,91.0,76.0,40.0,93.0,No,67.0,77.0
440,10th,B,15,Male,4.5,6.0,Primary,Minor,Yes,88.6,40.0,83.0,84.0,No,43.0,69.0
441,10th,B,13,Female,4.4,9.0,High School,Frequent,Yes,68.0,81.0,40.0,95.0,No,69.0,77.0
442,10th,B,14,Female,4.4,9.0,Primary,Frequent,Yes,69.0,71.0,63.0,95.0,No,94.0,82.0
443,8th,B,14,Male,3.8,9.0,PUC,None,Yes,74.0,86.0,64.0,96.0,Yes,42.0,78.0
444,10th,A,13,Female,2.8,7.0,Degree,None,Yes,92.0,58.0,88.0,96.0,Yes,95.0,90.0
445,8th,C,14,Male,4.1,6.0,Degree,None,Yes,83.0,95.0,76.0,55.0,No,61.0,86.0
446,10th,C,16,Female,5.7,6.0,PUC,Minor,No,68.3,85.0,78.0,73.0,No,91.0,95.0
447,8th,C,16,Male,4.0,8.0,PUC,None,Yes,73.0,62.0,44.0,72.0,Yes,65.0,66.0
448,9th,B,14,Male,5.9,5.0,PUC,Frequent,No,66.0,69.0,85.0,83.0,No,79.0,93.0
449,9th,A,15,Female,3.2,7.0,Degree,Frequent,No,65.0,50.0,91.0,97.0,No,49.0,82.0
450,10th,A,16,Male,4.7,7.0,High School,Minor,No,93.0,73.0,82.0,93.0,No,93.0,98.0
451,9th,C,15,Female,1.2,9.0,Postgraduate,Minor,No,84.0,77.0,65.0,58.0,No,61.0,68.0
452,8th,C,13,Male,4.8,5.0,Degree,Frequent,Yes,99.0,71.0,74.0,81.0,No,86.0,94.0
453,10th,B,15,Male,3.6,7.0,PUC,Minor,No,91.3,43.0,61.0,89.0,Yes,53.0,69.0
454,10th,C,13,Female,1.0,7.0,High School,None,Yes,73.0,60.0,80.0,81.0,Yes,84.0,80.0
455,9th,C,15,Female,2.4,9.0,Primary,Frequent,Yes,87.7,74.0,60.0,87.0,Yes,53.0,70.0
456,10th,A,16,Female,3.7,9.0,Degree,Frequent,Yes,90.0,42.0,42.0,88.0,No,46.0,65.0
457,8th,C,13,Female,4.8,5.0,Degree,Minor,Yes,88.0,71.0,64.0,90.0,No,53.0,85.0
458,8th,C,15,Male,1.3,6.0,High School,Frequent,Yes,68.0,64.0,63.0,85.0,Yes,43.0,65.0
459,10th,B,15,Male,3.7,5.0,PUC,Frequent,Yes,86.0,50.0,86.0,90.0,Yes,54.0,81.0
460,8th,C,13,Female,5.0,7.0,Degree,None,Yes,84.0,79.0,78.0,79.0,Yes,49.0,84.0
461,8th,C,16,Female,4.2,7.0,Degree,None,Yes,95.0,48.0,93.0,62.0,Yes,88.0,87.0
462,9th,C,15,Female,5.7,5.0,Degree,Frequent,Yes,94.0,63.0,84.0,61.0,Yes,85.0,84.0
463,10th,B,13,Male,1.4,6.0,Degree,None,Yes,81.0,46.0,44.0,77.0,No,93.0,70.0
464,9th,B,16,Female,2.4,6.0,Primary,Frequent,Yes,87.0,79.0,84.0,68.0,No,55.0,77.0
465,9th,C,15,Male,5.6,6.0,Primary,Minor,Yes,81.9,73.0,72.0,94.0,Yes,58.0,83.0
466,10th,A,16,Male,4.8,7.0,Primary,None,Yes,97.0,91.0,62.0,52.0,Yes,60.0,83.0
467,8th,C,16,Male,4.0,8.0,High School,Minor,No,94.0,59.0,47.0,68.0,Yes,60.0,65.0
468,10th,C,13,Female,5.2,8.0,PUC,None,Yes,81.0,62.0,65.0,72.0,Yes,87.0,77.0
469,10th,A,14,Male,5.5,7.0,Postgraduate,Frequent,Yes,80.0,56.0,56.0,62.0,No,41.0,66.0
470,9th,B,15,Female,5.9,5.0,Degree,Minor,Yes,82.5,55.0,53.0,55.0,Yes,76.0,76.0
471,8th,C,14,Female,6.0,5.0,Postgraduate,Minor,Yes,69.0,89.0,41.0,89.0,Yes,47.0,83.0
472,9th,A,13,Female,1.7,6.0,High School,Frequent,Yes,69.6,57.0,64.0,74.0,Yes,93.0,70.0
473,9th,C,16,Female,1.4,7.0,High School,Minor,No,85.0,45.0,71.0,69.0,Yes,84.0,73.0
474,10th,A,15,Female,1.4,5.0,Postgraduate,None,Yes,77.0,45.0,92.0,62.0,Yes,95.0,79.0
475,8th,B,15,Male,1.1,8.0,Postgraduate,Frequent,Yes,95.5,41.0,42.0,74.0,Yes,48.0,53.0
476,10th,A,15,Male,5.9,9.0,High School,Frequent,Yes,95.0,53.0,65.0,93.0,Yes,72.0,82.0
477,10th,C,13,Female,1.5,9.0,High School,None,Yes,67.0,95.0,44.0,53.0,Yes,64.0,66.0
478,10th,C,14,Male,5.2,8.0,Primary,None,Yes,72.0,72.0,80.0,83.0,Yes,90.0,88.0
479,9th,B,15,Male,4.4,8.0,High School,None,Yes,67.0,45.0,42.0,60.0,Yes,80.0,68.0
480,8th,B,16,Female,3.4,8.0,High School,Minor,Yes,97.0,91.0,62.0,84.0,No,76.0,91.0
481,8th,B,14,Male,2.7,5.0,PUC,None,Yes,87.8,94.0,62.0,73.0,Yes,86.0,85.0
482,9th,C,14,Male,2.8,5.0,Primary,None,No,90.7,49.0,70.0,94.0,No,82.0,77.0
483,10th,C,14,Male,2.3,7.0,High School,None,Yes,93.0,56.0,81.0,50.0,No,77.0,77.0
484,8th,B,14,Male,5.6,6.0,PUC,None,Yes,94.0,92.0,51.0,78.0,Yes,43.0,77.0
485,8th,A,13,Male,4.6,5.0,Postgraduate,None,Yes,83.0,65.0,77.0,56.0,No,76.0,76.0
486,10th,C,14,Male,1.1,8.0,High School,Minor,No,98.0,61.0,73.0,53.0,Yes,88.0,74.0
487,8th,B,15,Male,3.3,7.0,Degree,Frequent,Yes,100.0,65.0,91.0,55.0,Yes,73.0,85.0
488,10th,B,14,Female,2.4,7.0,Primary,Frequent,Yes,78.0,89.0,58.0,59.0,No,73.0,72.0
489,9th,B,13,Female,1.1,6.0,Degree,Frequent,Yes,90.4,94.0,72.0,63.0,No,44.0,73.0
490,9th,A,13,Male,5.4,9.0,PUC,Minor,No,69.0,91.0,49.0,72.0,No,53.0,77.0
491,10th,A,15,Male,4.9,5.0,High School,Frequent,Yes,90.0,86.0,51.0,55.0,Yes,67.0,76.0
492,8th,A,15,Female,2.6,9.0,Postgraduate,None,No,92.0,70.0,64.0,94.0,No,79.0,85.0
493,9th,A,16,Female,5.0,6.0,Primary,Frequent,No,99.0,65.0,79.0,88.0,No,61.0,86.0
494,9th,B,14,Male,2.6,9.0,Postgraduate,None,Yes,96.4,72.0,41.0,98.0,Yes,75.0,80.0
495,9th,B,13,Female,2.5,9.0,Primary,None,Yes,80.0,77.0,64.0,57.0,Yes,69.0,75.0
496,9th,A,13,Female,5.6,7.0,PUC,Frequent,Yes,98.0,78.0,49.0,87.0,Yes,51.0,81.0
497,8th,B,13,Male,5.9,8.0,PUC,None,Yes,75.0,43.0,81.0,67.0,Yes,82.0,75.0
498,10th,C,15,Male,3.6,5.0,Degree,Minor,No,99.0,42.0,51.0,87.0,Yes,89.0,78.0
499,9th,C,16,Female,5.8,7.0,Degree,None,Yes,71.0,77.0,67.0,56.0,Yes,45.0,72.0
500,9th,C,15,Male,5.4,5.0,Primary,Frequent,No,70.0,45.0,66.0,78.0,Yes,45.0,72.0
501,9th,B,13,Male,3.6,8.0,Degree,Minor,Yes,88.6,46.0,68.0,96.0,Yes,76.0,79.0
502,9th,C,14,Female,2.9,7.0,Primary,Frequent,Yes,73.0,62.0,68.0,100.0,Yes,58.0,72.0
503,9th,A,16,Male,4.6,6.0,PUC,None,Yes,79.0,65.0,48.0,63.0,Yes,74.0,74.0
504,10th,C,14,Female,3.3,7.0,Postgraduate,Minor,Yes,98.4,83.0,47.0,99.0,Yes,72.0,79.0
505,8th,A,14,Female,4.0,9.0,High School,Minor,Yes,89.0,64.0,95.0,62.0,Yes,61.0,80.0
506,10th,B,15,Female,6.0,5.0,Postgraduate,Frequent,No,94.6,70.0,51.0,89.0,Yes,82.0,90.0
507,9th,A,14,Female,4.9,8.0,Primary,Frequent,Yes,65.0,42.0,94.0,78.0,No,93.0,81.0
508,9th,C,14,Male,2.7,5.0,Degree,Frequent,Yes,95.0,88.0,55.0,98.0,Yes,72.0,86.0
509,10th,C,13,Male,1.4,6.0,Primary,Minor,Yes,65.0,75.0,62.0,64.0,No,81.0,70.0
510,9th,C,14,Female,1.9,6.0,Degree,Minor,No,76.0,63.0,63.0,66.0,No,72.0,72.0
511,8th,C,15,Male,3.6,7.0,Primary,Minor,Yes,80.0,62.0,59.0,78.0,Yes,76.0,81.0
512,10th,C,13,Male,3.1,6.0,Degree,Frequent,Yes,70.0,94.0,50.0,68.0,Yes,67.0,75.0
513,9th,C,16,Female,5.0,6.0,PUC,Minor,Yes,65.0,77.0,64.0,67.0,No,67.0,73.0
514,9th,C,13,Female,5.7,7.0,Primary,None,Yes,68.4,56.0,77.0,86.0,Yes,51.0,78.0
515,9th,A,13,Male,1.9,5.0,Primary,Minor,Yes,84.8,70.0,93.0,57.0,Yes,72.0,75.0
516,10th,C,15,Female,5.3,8.0,Postgraduate,Minor,Yes,77.0,67.0,63.0,97.0,Yes,61.0,79.0
517,9th,B,16,Female,5.8,9.0,High School,Frequent,Yes,79.7,83.0,43.0,70.0,No,61.0,79.0
518,9th,B,14,Male,5.8,5.0,Degree,Minor,Yes,84.0,50.0,92.0,75.0,No,81.0,89.0
519,8th,B,14,Male,1.2,6.0,Postgraduate,None,Yes,74.0,89.0,51.0,68.0,Yes,56.0,71.0
520,8th,B,14,Female,1.3,9.0,Degree,None,No,100.4,58.0,56.0,79.0,No,54.0,65.0
521,10th,A,13,Female,1.0,7.0,High School,None,No,91.0,84.0,45.0,62.0,Yes,84.0,70.0
522,10th,C,13,Female,2.6,6.0,High School,None,Yes,68.5,76.0,75.0,77.0,No,56.0,76.0
523,8th,C,13,Male,1.3,5.0,Degree,Frequent,Yes,66.0,76.0,63.0,88.0,No,47.0,66.0
524,10th,A,15,Male,2.5,5.0,High School,Minor,No,75.0,47.0,79.0,50.0,Yes,42.0,58.0
525,9th,C,14,Female,2.8,6.0,Primary,Minor,Yes,65.4,52.0,77.0,57.0,No,85.0,75.0
526,9th,B,15,Male,5.8,5.0,PUC,None,No,95.0,82.0,74.0,67.0,No,94.0,95.0
527,10th,A,16,Female,3.4,7.0,PUC,Frequent,Yes,72.3,83.0,69.0,52.0,Yes,41.0,74.0
528,10th,B,16,Female,2.4,8.0,Degree,None,Yes,76.0,55.0,48.0,58.0,Yes,91.0,66.0
529,9th,A,15,Male,3.5,5.0,Degree,None,No,80.0,50.0,71.0,61.0,No,95.0,75.0
530,9th,C,13,Male,4.2,7.0,PUC,Frequent,Yes,96.1,95.0,43.0,96.0,No,52.0,86.0
531,8th,B,14,Male,1.6,8.0,PUC,Frequent,Yes,77.0,86.0,55.0,58.0,No,52.0,68.0
532,10th,C,16,Female,4.8,9.0,Postgraduate,Minor,Yes,82.0,71.0,94.0,67.0,Yes,78.0,90.0
533,8th,A,13,Male,5.3,8.0,Primary,Frequent,Yes,72.0,77.0,42.0,86.0,No,52.0,74.0
534,10th,C,16,Male,5.2,7.0,Primary,Frequent,Yes,100.0,86.0,43.0,73.0,Yes,50.0,75.0
535,10th,A,14,Female,5.5,8.0,Primary,Frequent,Yes,96.5,88.0,62.0,57.0,No,78.0,84.0
536,8th,C,15,Male,2.9,7.0,PUC,None,Yes,98.0,62.0,93.0,100.0,No,51.0,86.0
537,8th,B,15,Female,3.2,6.0,Postgraduate,Minor,Yes,65.0,83.0,61.0,87.0,Yes,86.0,87.0
538,10th,A,13,Female,1.5,6.0,PUC,None,Yes,88.0,50.0,53.0,57.0,No,74.0,62.0
539,8th,C,15,Male,2.1,9.0,Postgraduate,Frequent,Yes,93.0,61.0,59.0,58.0,No,45.0,63.0
540,10th,C,16,Male,5.9,6.0,Degree,Minor,Yes,65.0,67.0,50.0,53.0,Yes,54.0,73.0
541,10th,A,15,Female,2.4,7.0,Degree,Frequent,Yes,66.0,63.0,68.0,84.0,No,58.0,76.0
542,9th,A,15,Male,5.5,5.0,Primary,Frequent,Yes,97.0,84.0,80.0,85.0,No,57.0,87.0
543,10th,B,15,Male,5.5,9.0,PUC,Frequent,No,90.0,64.0,79.0,96.0,Yes,95.0,90.0
544,10th,B,13,Male,5.6,7.0,Postgraduate,None,Yes,75.0,80.0,84.0,68.0,No,40.0,78.0
545,10th,B,14,Male,1.8,5.0,High School,Minor,No,78.0,66.0,42.0,50.0,No,63.0,58.0
546,10th,B,15,Male,5.4,7.0,PUC,Minor,Yes,89.0,85.0,77.0,51.0,No,78.0,84.0
547,10th,B,16,Male,4.2,5.0,Degree,Frequent,Yes,88.0,61.0,50.0,61.0,No,80.0,75.0
548,8th,A,13,Male,2.1,7.0,High School,Frequent,Yes,69.0,66.0,83.0,73.0,Yes,87.0,79.0
549,10th,C,13,Male,2.7,5.0,PUC,None,Yes,68.2,82.0,52.0,91.0,Yes,88.0,77.0
550,8th,A,14,Male,1.8,6.0,Degree,Frequent,Yes,74.0,79.0,68.0,84.0,Yes,61.0,73.0
551,9th,B,14,Female,3.2,5.0,Primary,None,Yes,73.6,72.0,42.0,85.0,Yes,52.0,72.0
552,9th,C,14,Male,1.4,6.0,Degree,None,Yes,72.4,57.0,53.0,71.0,No,67.0,65.0
553,9th,A,13,Male,1.8,5.0,Postgraduate,Frequent,Yes,78.0,51.0,87.0,94.0,No,83.0,76.0
554,9th,A,15,Male,2.0,6.0,Postgraduate,None,Yes,76.0,85.0,50.0,69.0,No,82.0,79.0
555,10th,C,16,Female,4.5,8.0,PUC,Frequent,Yes,81.0,57.0,40.0,96.0,Yes,51.0,68.0
556,8th,A,15,Male,3.9,9.0,Postgraduate,None,Yes,96.0,83.0,50.0,86.0,Yes,91.0,82.0
557,8th,B,15,Male,5.4,6.0,PUC,Frequent,Yes,71.2,75.0,82.0,98.0,Yes,61.0,86.0
558,8th,C,13,Female,2.2,9.0,Postgraduate,Minor,Yes,94.0,82.0,42.0,57.0,Yes,66.0,72.0
559,10th,C,15,Male,4.1,5.0,PUC,None,Yes,82.9,84.0,78.0,88.0,No,41.0,81.0
560,10th,A,13,Male,1.2,6.0,High School,None,No,77.8,92.0,63.0,67.0,Yes,58.0,73.0
561,8th,B,16,Female,3.6,7.0,Primary,Minor,Yes,97.0,93.0,95.0,94.0,No,89.0,98.0
562,9th,C,16,Female,5.3,8.0,Postgraduate,Frequent,Yes,97.0,49.0,89.0,71.0,Yes,45.0,80.0
563,10th,B,16,Male,5.9,9.0,Degree,None,Yes,86.0,63.0,94.0,94.0,No,77.0,93.0
564,8th,A,16,Female,1.0,8.0,High School,Frequent,Yes,87.0,72.0,49.0,74.0,Yes,51.0,62.0
565,9th,A,16,Female,2.3,8.0,Primary,None,Yes,74.0,80.0,56.0,57.0,No,55.0,72.0
566,8th,A,13,Female,2.1,7.0,High School,Frequent,No,100.3,46.0,51.0,60.0,Yes,45.0,58.0
567,9th,C,15,Female,1.2,9.0,High School,Frequent,No,70.0,40.0,44.0,51.0,No,89.0,54.0
568,8th,C,16,Male,1.1,7.0,High School,Minor,Yes,98.1,43.0,88.0,65.0,Yes,58.0,65.0
569,10th,C,14,Female,3.5,8.0,PUC,Frequent,Yes,69.0,55.0,84.0,90.0,No,54.0,81.0
570,10th,B,15,Male,1.2,9.0,Primary,Minor,Yes,74.0,95.0,72.0,55.0,No,92.0,82.0
571,10th,C,15,Female,2.4,7.0,Degree,Frequent,Yes,70.0,69.0,63.0,65.0,No,72.0,68.0
572,10th,C,13,Male,4.2,6.0,Degree,Frequent,Yes,98.0,72.0,76.0,90.0,No,64.0,90.0
573,9th,B,15,Female,2.5,9.0,Postgraduate,Frequent,Yes,75.6,74.0,45.0,59.0,No,67.0,70.0
574,10th,C,14,Female,2.3,8.0,Postgraduate,Minor,Yes,82.0,67.0,94.0,78.0,Yes,78.0,82.0
575,8th,A,15,Male,4.0,7.0,Primary,None,Yes,73.0,52.0,69.0,57.0,Yes,46.0,62.0
576,10th,A,13,Male,2.9,5.0,Postgraduate,Frequent,Yes,80.0,59.0,87.0,56.0,Yes,55.0,67.0
577,9th,A,15,Female,4.5,5.0,PUC,None,Yes,94.5,69.0,88.0,100.0,No,42.0,87.0
578,9th,B,16,Male,3.5,7.0,Primary,None,No,81.0,91.0,42.0,75.0,No,50.0,73.0
579,9th,B,13,Female,4.2,7.0,Postgraduate,None,Yes,100.0,95.0,91.0,66.0,Yes,89.0,98.0
580,10th,A,14,Female,2.8,9.0,PUC,Frequent,Yes,66.8,66.0,68.0,50.0,No,66.0,73.0
581,10th,C,13,Female,2.4,5.0,Degree,Frequent,Yes,85.0,45.0,61.0,92.0,Yes,67.0,72.0
582,10th,A,15,Male,1.7,6.0,Postgraduate,Frequent,Yes,99.0,81.0,69.0,78.0,Yes,60.0,74.0
583,8th,B,15,Male,5.7,7.0,High School,Minor,No,91.0,90.0,86.0,64.0,Yes,64.0,90.0
584,10th,C,15,Male,5.0,8.0,Degree,Minor,Yes,77.0,74.0,57.0,84.0,Yes,55.0,78.0
585,10th,B,14,Female,5.7,9.0,Postgraduate,Frequent,Yes,69.0,61.0,75.0,92.0,No,95.0,85.0
586,8th,A,15,Male,1.9,6.0,PUC,Minor,Yes,68.0,84.0,88.0,93.0,Yes,52.0,86.0
587,8th,B,15,Female,5.7,6.0,Postgraduate,Minor,Yes,74.4,94.0,68.0,90.0,No,57.0,90.0
588,8th,C,16,Female,5.7,9.0,High School,Frequent,Yes,90.0,71.0,82.0,73.0,Yes,64.0,84.0
589,8th,C,14,Male,2.4,9.0,PUC,Minor,Yes,86.0,67.0,87.0,72.0,No,82.0,83.0
590,8th,A,13,Female,2.4,9.0,Degree,Frequent,Yes,99.0,46.0,51.0,100.0,No,52.0,73.0
591,8th,C,16,Male,3.8,9.0,PUC,Minor,Yes,88.0,65.0,93.0,76.0,No,49.0,78.0
592,8th,A,14,Female,1.9,8.0,Primary,Minor,Yes,85.4,57.0,74.0,77.0,Yes,93.0,84.0
593,9th,C,16,Female,3.2,5.0,High School,None,Yes,99.8,92.0,92.0,60.0,No,60.0,85.0
594,10th,B,14,Female,1.9,9.0,Postgraduate,None,Yes,98.7,88.0,66.0,98.0,No,74.0,89.0
595,9th,C,16,Male,5.7,7.0,Primary,Minor,No,67.0,41.0,59.0,83.0,No,81.0,74.0
596,10th,C,15,Female,3.5,7.0,Degree,None,Yes,98.0,59.0,57.0,52.0,Yes,43.0,60.0
597,9th,A,15,Male,5.8,9.0,Primary,Minor,Yes,99.0,66.0,67.0,87.0,Yes,94.0,88.0
598,10th,B,13,Male,4.2,5.0,PUC,Frequent,Yes,85.7,72.0,42.0,89.0,No,48.0,73.0
599,8th,A,15,Male,3.4,8.0,High School,Minor,Yes,71.0,41.0,63.0,86.0,Yes,84.0,75.0
600,10th,C,13,Female,5.8,9.0,Degree,Frequent,Yes,70.0,60.0,79.0,96.0,Yes,75.0,83.0
601,8th,A,13,Male,1.7,6.0,Primary,Minor,Yes,96.9,55.0,82.0,89.0,Yes,55.0,74.0
602,9th,C,13,Female,4.2,9.0,PUC,None,Yes,68.0,54.0,69.0,79.0,Yes,63.0,78.0
603,9th,A,15,Female,4.3,5.0,High School,Frequent,Yes,96.8,58.0,73.0,87.0,No,54.0,76.0
604,8th,A,16,Female,3.2,5.0,Primary,Frequent,No,96.0,95.0,43.0,51.0,Yes,58.0,74.0
605,9th,C,15,Male,1.3,6.0,Degree,None,Yes,76.0,92.0,51.0,82.0,Yes,49.0,73.0
606,9th,B,13,Male,3.5,9.0,Postgraduate,None,Yes,86.4,62.0,45.0,86.0,Yes,71.0,68.0
607,10th,B,13,Male,3.3,6.0,High School,Frequent,Yes,66.4,75.0,56.0,99.0,No,80.0,81.0
608,8th,C,16,Male,5.0,6.0,Degree,Minor,Yes,86.0,51.0,46.0,86.0,Yes,46.0,73.0
609,10th,C,13,Male,2.3,5.0,Postgraduate,None,Yes,99.0,75.0,43.0,82.0,No,54.0,67.0
610,8th,C,14,Female,3.0,8.0,High School,Frequent,Yes,87.7,71.0,78.0,74.0,No,59.0,78.0
611,9th,A,15,Male,2.2,5.0,Postgraduate,Minor,Yes,73.0,83.0,79.0,98.0,Yes,55.0,78.0
612,9th,C,14,Female,4.4,6.0,Primary,None,Yes,85.2,71.0,49.0,69.0,No,63.0,73.0
613,10th,A,15,Male,5.9,7.0,Degree,Minor,Yes,71.0,74.0,50.0,60.0,No,89.0,77.0
614,10th,A,13,Male,1.9,9.0,Degree,Minor,Yes,79.0,51.0,55.0,82.0,Yes,65.0,68.0
615,10th,B,14,Male,5.1,5.0,Postgraduate,None,Yes,77.0,72.0,54.0,69.0,Yes,76.0,80.0
616,10th,A,16,Male,2.2,6.0,High School,Minor,Yes,67.0,94.0,71.0,88.0,Yes,61.0,77.0
617,10th,A,14,Male,1.3,9.0,Postgraduate,Minor,Yes,76.0,41.0,72.0,50.0,No,71.0,66.0
618,8th,A,14,Female,1.7,8.0,PUC,Frequent,Yes,92.0,89.0,73.0,69.0,Yes,52.0,77.0
619,9th,C,14,Male,5.7,8.0,Postgraduate,Frequent,Yes,72.0,61.0,69.0,77.0,Yes,44.0,72.0
620,8th,B,14,Female,5.4,5.0,Degree,Minor,No,86.0,94.0,60.0,58.0,Yes,43.0,82.0
621,10th,B,15,Male,2.4,5.0,Degree,Frequent,Yes,84.0,80.0,77.0,78.0,Yes,55.0,82.0
622,10th,B,15,Male,5.7,5.0,Postgraduate,Frequent,No,80.0,40.0,92.0,99.0,No,84.0,91.0
623,9th,A,13,Male,5.2,7.0,Degree,Minor,Yes,74.0,90.0,95.0,85.0,No,70.0,99.0
624,10th,B,14,Female,3.2,7.0,Primary,Frequent,Yes,94.0,72.0,78.0,63.0,No,41.0,73.0
625,8th,C,13,Female,3.3,6.0,PUC,Minor,Yes,74.0,60.0,47.0,52.0,No,88.0,64.0
626,9th,B,15,Male,4.1,8.0,Degree,Minor,Yes,66.4,63.0,74.0,90.0,Yes,61.0,79.0
627,8th,B,16,Female,1.8,7.0,PUC,None,Yes,88.0,46.0,70.0,58.0,Yes,75.0,70.0
628,9th,A,15,Female,1.1,8.0,PUC,None,Yes,82.0,64.0,60.0,55.0,Yes,40.0,59.0
629,10th,C,14,Male,2.3,8.0,High School,Minor,Yes,79.2,81.0,72.0,57.0,No,86.0,77.0
630,9th,B,14,Male,1.1,7.0,Degree,None,Yes,94.5,80.0,83.0,51.0,No,49.0,73.0
631,8th,C,15,Female,4.4,9.0,High School,Minor,Yes,84.0,78.0,74.0,63.0,Yes,57.0,77.0
632,9th,C,13,Male,3.8,7.0,PUC,None,Yes,79.0,66.0,79.0,88.0,No,80.0,90.0
633,10th,A,13,Male,2.6,7.0,Postgraduate,Minor,No,96.0,41.0,70.0,75.0,No,90.0,74.0
634,8th,C,14,Male,4.9,9.0,PUC,Minor,Yes,81.5,40.0,45.0,82.0,No,56.0,71.0
635,10th,A,16,Male,1.7,9.0,High School,Frequent,Yes,87.0,76.0,50.0,98.0,Yes,82.0,81.0
636,8th,B,13,Male,2.2,6.0,Primary,Minor,No,88.0,76.0,93.0,62.0,Yes,52.0,83.0
637,10th,C,14,Female,2.5,9.0,High School,Minor,Yes,72.0,81.0,69.0,99.0,Yes,53.0,80.0
638,8th,B,14,Male,2.0,9.0,Degree,Frequent,Yes,93.5,82.0,42.0,74.0,No,51.0,68.0
639,8th,B,13,Female,1.4,7.0,Postgraduate,None,Yes,96.0,64.0,62.0,54.0,Yes,54.0,68.0
640,8th,B,13,Male,5.3,9.0,Postgraduate,Frequent,No,68.0,56.0,60.0,67.0,Yes,77.0,72.0
641,9th,A,13,Female,1.4,5.0,Postgraduate,Minor,No,95.8,44.0,86.0,61.0,No,45.0,61.0
642,10th,B,15,Male,4.4,7.0,High School,Minor,Yes,77.0,93.0,72.0,53.0,Yes,60.0,85.0
643,8th,C,16,Male,1.6,8.0,Degree,None,No,79.0,61.0,74.0,95.0,No,68.0,77.0
644,10th,A,15,Male,1.1,8.0,Primary,Minor,Yes,68.0,68.0,69.0,67.0,Yes,50.0,69.0
645,9th,C,13,Male,3.8,6.0,Postgraduate,None,Yes,69.5,63.0,95.0,93.0,Yes,47.0,78.0
646,8th,B,16,Male,5.5,5.0,High School,Minor,Yes,94.0,67.0,92.0,80.0,Yes,70.0,88.0
647,10th,C,15,Male,5.3,6.0,Postgraduate,Minor,Yes,99.0,89.0,80.0,63.0,No,87.0,96.0
648,9th,A,13,Male,2.7,9.0,Postgraduate,Minor,Yes,92.0,91.0,45.0,70.0,No,73.0,75.0
649,8th,A,15,Female,1.1,6.0,Degree,None,Yes,82.6,45.0,53.0,83.0,Yes,43.0,65.0
650,8th,A,13,Female,5.0,6.0,Degree,Minor,No,91.0,93.0,50.0,93.0,No,90.0,95.0
651,8th,A,13,Female,5.0,7.0,Postgraduate,None,Yes,65.0,40.0,66.0,63.0,Yes,93.0,70.0
652,9th,B,13,Male,5.3,7.0,PUC,None,Yes,84.0,52.0,95.0,89.0,Yes,43.0,82.0
653,8th,B,14,Male,4.3,5.0,Degree,Frequent,Yes,86.0,85.0,44.0,60.0,Yes,94.0,76.0
654,10th,A,16,Male,5.0,7.0,Primary,Minor,Yes,73.9,59.0,61.0,98.0,Yes,60.0,78.0
655,10th,B,13,Female,5.5,9.0,PUC,None,Yes,74.0,87.0,47.0,70.0,No,64.0,74.0
656,9th,B,15,Male,3.3,7.0,Primary,None,Yes,77.0,67.0,92.0,97.0,Yes,53.0,83.0
657,9th,A,15,Male,3.8,7.0,Postgraduate,None,No,81.0,52.0,60.0,95.0,No,62.0,75.0
658,9th,A,13,Female,3.5,7.0,Postgraduate,Frequent,No,74.0,63.0,45.0,73.0,No,78.0,69.0
659,10th,A,15,Female,4.5,7.0,Degree,None,Yes,90.0,56.0,63.0,61.0,Yes,84.0,75.0
660,9th,C,15,Female,4.4,7.0,Primary,None,Yes,76.0,45.0,57.0,73.0,No,40.0,66.0
661,8th,A,16,Male,3.6,9.0,Primary,None,Yes,84.0,86.0,66.0,62.0,Yes,83.0,77.0
662,9th,A,14,Male,5.1,9.0,Degree,Minor,Yes,75.1,72.0,92.0,66.0,Yes,91.0,87.0
663,9th,A,13,Female,3.5,7.0,Postgraduate,Minor,Yes,90.0,65.0,80.0,62.0,No,64.0,75.0
664,10th,B,16,Male,5.1,8.0,Degree,Frequent,Yes,98.0,95.0,48.0,100.0,No,41.0,87.0
665,8th,A,13,Female,2.4,6.0,Primary,Minor,Yes,81.0,72.0,70.0,72.0,No,78.0,81.0
666,9th,B,13,Male,1.9,7.0,High School,Frequent,Yes,83.0,70.0,68.0,58.0,No,88.0,73.0
667,10th,B,16,Female,5.8,6.0,Primary,Minor,Yes,84.0,66.0,68.0,56.0,Yes,94.0,84.0
668,9th,B,13,Female,4.7,6.0,Primary,Minor,No,71.0,54.0,94.0,73.0,No,80.0,86.0
669,10th,A,16,Female,2.3,5.0,PUC,None,Yes,69.0,46.0,78.0,99.0,No,80.0,78.0
670,8th,C,16,Male,3.9,5.0,PUC,None,Yes,94.0,82.0,61.0,78.0,Yes,86.0,80.0
671,8th,A,16,Female,5.8,9.0,PUC,None,Yes,68.0,52.0,93.0,83.0,No,86.0,87.0
672,8th,C,13,Female,1.4,5.0,Postgraduate,None,Yes,91.0,72.0,94.0,66.0,No,59.0,74.0
673,9th,B,13,Male,1.4,8.0,Primary,None,Yes,91.0,92.0,41.0,59.0,No,42.0,63.0
674,8th,B,15,Female,4.1,9.0,PUC,Minor,Yes,74.0,65.0,83.0,98.0,Yes,89.0,91.0
675,8th,B,16,Female,2.1,8.0,Degree,Minor,No,70.1,47.0,93.0,50.0,No,74.0,72.0
676,8th,A,14,Female,4.8,8.0,High School,None,Yes,93.0,50.0,51.0,75.0,Yes,93.0,78.0
677,9th,A,16,Male,3.8,7.0,Primary,None,Yes,99.6,80.0,84.0,96.0,No,79.0,97.0
678,10th,A,14,Male,4.3,5.0,PUC,None,Yes,100.7,85.0,60.0,58.0,Yes,86.0,79.0
679,10th,B,14,Female,1.5,7.0,Postgraduate,Minor,Yes,71.5,66.0,75.0,92.0,No,80.0,79.0
680,9th,C,13,Male,1.4,6.0,Primary,Minor,No,92.0,74.0,68.0,68.0,Yes,49.0,69.0
681,8th,C,16,Female,4.1,9.0,PUC,Minor,Yes,94.0,54.0,56.0,57.0,Yes,45.0,69.0
682,8th,A,13,Male,3.0,9.0,PUC,None,Yes,87.0,75.0,54.0,63.0,Yes,55.0,65.0
683,8th,A,16,Male,1.4,5.0,PUC,Minor,No,69.0,41.0,87.0,75.0,No,48.0,62.0
684,8th,C,15,Male,2.9,7.0,High School,None,Yes,75.2,69.0,87.0,96.0,Yes,52.0,83.0
685,9th,C,15,Male,4.4,7.0,PUC,Frequent,Yes,87.0,67.0,54.0,85.0,No,74.0,82.0
686,9th,C,15,Male,1.9,6.0,PUC,Minor,Yes,84.5,71.0,65.0,54.0,Yes,55.0,64.0
687,9th,A,15,Male,5.5,8.0,PUC,None,Yes,87.4,81.0,93.0,92.0,Yes,61.0,94.0
688,9th,A,15,Male,5.7,5.0,High School,Minor,Yes,85.6,81.0,75.0,70.0,Yes,63.0,88.0
689,8th,B,15,Male,5.8,7.0,High School,Minor,No,100.6,43.0,53.0,85.0,Yes,73.0,74.0
690,8th,C,15,Male,4.7,6.0,High School,Minor,Yes,68.0,41.0,63.0,85.0,Yes,52.0,69.0
691,9th,B,15,Female,3.0,6.0,Degree,Minor,Yes,91.0,45.0,95.0,64.0,Yes,93.0,78.0
692,9th,C,13,Female,4.7,5.0,Postgraduate,None,Yes,97.0,46.0,54.0,50.0,No,88.0,68.0
693,9th,A,15,Female,2.4,6.0,PUC,Minor,Yes,65.0,44.0,43.0,54.0,Yes,51.0,54.0
694,9th,B,14,Female,2.6,9.0,PUC,None,Yes,80.0,94.0,54.0,69.0,Yes,83.0,84.0
695,9th,B,15,Female,4.0,6.0,Degree,None,Yes,79.7,46.0,68.0,70.0,Yes,73.0,76.0
696,10th,C,14,Male,4.0,5.0,Postgraduate,Frequent,Yes,93.0,85.0,75.0,50.0,No,73.0,81.0
697,8th,C,15,Female,5.4,7.0,Degree,Frequent,Yes,89.0,87.0,40.0,58.0,No,59.0,75.0
698,10th,C,15,Female,2.3,6.0,High School,Frequent,No,83.0,89.0,93.0,86.0,Yes,87.0,90.0
699,10th,B,16,Male,4.8,7.0,Degree,Frequent,Yes,80.8,76.0,60.0,74.0,Yes,66.0,82.0
700,10th,B,14,Male,5.7,5.0,Degree,Minor,Yes,90.0,80.0,83.0,57.0,No,94.0,87.0
701,10th,C,13,Female,1.0,8.0,Postgraduate,Frequent,Yes,67.0,76.0,89.0,94.0,Yes,73.0,84.0
702,8th,C,13,Male,3.4,6.0,High School,Frequent,Yes,65.0,77.0,52.0,64.0,Yes,60.0,65.0
703,8th,A,14,Female,4.3,6.0,Degree,Frequent,Yes,86.0,91.0,94.0,86.0,No,82.0,100.0
704,8th,A,14,Male,5.2,5.0,Primary,Frequent,No,68.0,64.0,92.0,100.0,No,53.0,86.0
705,8th,B,16,Male,1.9,8.0,High School,None,No,82.0,88.0,63.0,58.0,Yes,49.0,75.0
706,10th,C,15,Male,5.3,7.0,Primary,None,Yes,80.0,53.0,43.0,57.0,No,87.0,74.0
707,8th,A,14,Male,2.8,6.0,Degree,Frequent,Yes,74.0,63.0,85.0,73.0,No,50.0,73.0
708,10th,A,14,Female,5.5,9.0,High School,Minor,Yes,83.0,81.0,54.0,76.0,No,60.0,83.0
709,8th,B,15,Female,1.1,9.0,Postgraduate,Minor,Yes,92.0,75.0,49.0,62.0,No,50.0,60.0
710,10th,B,14,Male,1.4,7.0,Primary,Frequent,No,78.0,58.0,60.0,86.0,No,61.0,66.0
711,8th,B,16,Female,5.9,6.0,Degree,Minor,Yes,95.0,45.0,94.0,97.0,Yes,81.0,93.0
712,8th,C,16,Female,4.0,5.0,Primary,None,Yes,81.0,54.0,54.0,70.0,Yes,86.0,78.0
713,8th,C,14,Female,3.1,5.0,Postgraduate,None,No,84.0,80.0,77.0,52.0,Yes,54.0,79.0
714,9th,A,15,Female,1.8,8.0,High School,None,Yes,68.0,63.0,69.0,53.0,No,65.0,69.0
715,8th,B,16,Male,4.2,6.0,High School,Frequent,No,66.0,42.0,88.0,79.0,Yes,53.0,78.0
716,8th,A,15,Male,1.2,7.0,Degree,Minor,Yes,86.0,62.0,80.0,66.0,Yes,65.0,71.0
717,8th,B,14,Female,2.6,9.0,PUC,None,No,89.0,48.0,56.0,66.0,Yes,65.0,70.0
718,10th,A,16,Female,2.6,9.0,Postgraduate,None,No,97.0,67.0,62.0,55.0,Yes,57.0,69.0
719,8th,A,16,Male,4.0,5.0,Degree,None,No,72.0,50.0,77.0,98.0,Yes,40.0,71.0
720,10th,B,16,Male,4.3,8.0,High School,Frequent,Yes,97.0,95.0,41.0,56.0,Yes,47.0,69.0
721,9th,B,15,Male,5.2,7.0,High School,Minor,No,79.0,81.0,48.0,93.0,Yes,78.0,82.0
722,8th,C,14,Female,5.6,6.0,High School,None,No,92.0,60.0,87.0,56.0,No,55.0,82.0
723,8th,B,16,Female,4.3,6.0,Primary,Minor,No,96.1,84.0,65.0,51.0,Yes,40.0,69.0
724,9th,B,16,Male,3.9,5.0,Primary,Minor,No,97.0,46.0,52.0,89.0,Yes,92.0,73.0
725,9th,B,13,Male,3.0,7.0,PUC,None,No,93.6,65.0,60.0,96.0,Yes,41.0,73.0
726,8th,A,13,Female,5.8,5.0,High School,Minor,Yes,96.0,70.0,87.0,95.0,Yes,63.0,95.0
727,10th,C,14,Male,1.8,8.0,Primary,None,Yes,85.7,64.0,75.0,78.0,No,56.0,70.0
728,8th,B,13,Male,5.5,5.0,Degree,Minor,Yes,87.0,63.0,50.0,50.0,Yes,59.0,66.0
729,8th,A,14,Female,2.6,5.0,PUC,None,No,66.5,82.0,82.0,72.0,Yes,94.0,89.0
730,10th,A,14,Male,3.7,7.0,Postgraduate,Frequent,Yes,65.0,52.0,70.0,65.0,Yes,74.0,74.0
731,9th,C,15,Female,4.4,9.0,PUC,Frequent,No,77.0,95.0,70.0,73.0,No,43.0,79.0
732,9th,A,15,Male,2.2,6.0,Primary,Frequent,Yes,92.0,76.0,54.0,51.0,Yes,85.0,73.0
733,10th,B,16,Male,1.8,5.0,High School,None,Yes,70.6,45.0,90.0,98.0,Yes,47.0,75.0
734,10th,A,15,Female,3.5,7.0,Primary,None,Yes,66.7,58.0,53.0,59.0,No,79.0,73.0
735,9th,C,13,Female,5.0,8.0,Postgraduate,Frequent,No,90.5,84.0,58.0,63.0,Yes,62.0,80.0
736,9th,B,13,Female,4.5,6.0,PUC,Frequent,Yes,72.0,51.0,64.0,57.0,Yes,83.0,72.0
737,8th,C,15,Female,1.6,7.0,Primary,Minor,Yes,70.3,86.0,72.0,58.0,Yes,81.0,75.0
738,9th,C,13,Male,5.5,7.0,High School,Frequent,Yes,99.0,54.0,56.0,64.0,Yes,54.0,74.0
739,10th,C,15,Female,3.4,7.0,Degree,Minor,Yes,84.0,83.0,54.0,87.0,No,66.0,77.0
740,9th,B,16,Male,5.7,8.0,Degree,None,Yes,68.0,90.0,92.0,56.0,No,50.0,89.0
741,9th,C,16,Male,3.8,7.0,Degree,Frequent,Yes,94.0,95.0,64.0,77.0,No,62.0,81.0
742,9th,B,14,Male,1.4,7.0,Primary,Frequent,No,98.0,51.0,61.0,57.0,Yes,68.0,61.0
743,9th,A,15,Female,2.0,8.0,Postgraduate,Frequent,Yes,90.3,40.0,48.0,82.0,No,65.0,65.0
744,10th,A,13,Female,5.3,8.0,PUC,Frequent,Yes,96.0,63.0,94.0,58.0,No,66.0,85.0
745,9th,C,14,Male,4.5,9.0,Primary,None,Yes,73.0,69.0,44.0,53.0,Yes,74.0,72.0
746,9th,B,13,Female,5.5,9.0,High School,Frequent,Yes,76.0,42.0,89.0,55.0,No,90.0,79.0
747,9th,A,16,Male,2.6,6.0,Primary,None,Yes,74.0,47.0,51.0,97.0,No,71.0,71.0
748,9th,C,13,Female,3.6,5.0,Postgraduate,Minor,Yes,99.7,40.0,50.0,51.0,No,40.0,53.0
749,8th,B,15,Female,4.3,9.0,High School,Minor,No,79.0,57.0,86.0,80.0,No,86.0,82.0
750,9th,A,14,Female,4.0,5.0,PUC,Frequent,Yes,98.0,85.0,57.0,93.0,Yes,78.0,87.0
751,8th,B,16,Female,2.2,6.0,Primary,Minor,Yes,83.0,50.0,51.0,61.0,No,83.0,62.0
752,9th,A,16,Female,3.1,8.0,Postgraduate,Minor,Yes,67.0,81.0,73.0,58.0,Yes,43.0,69.0
753,9th,A,15,Male,2.2,8.0,Degree,Minor,Yes,98.0,78.0,65.0,78.0,Yes,85.0,83.0
754,8th,A,16,Female,5.2,9.0,Primary,Frequent,Yes,71.0,92.0,79.0,76.0,Yes,68.0,86.0
755,9th,B,13,Female,5.9,5.0,Postgraduate,Minor,No,75.0,85.0,53.0,74.0,Yes,58.0,78.0
756,9th,C,15,Female,1.3,7.0,Degree,Frequent,Yes,81.0,49.0,79.0,80.0,Yes,64.0,68.0
757,8th,B,13,Female,4.6,7.0,High School,Minor,No,97.0,52.0,92.0,86.0,No,81.0,88.0
758,10th,C,14,Male,2.7,8.0,Degree,Minor,Yes,78.7,82.0,42.0,63.0,Yes,76.0,68.0
759,10th,B,16,Female,4.1,7.0,Postgraduate,Minor,Yes,86.0,81.0,90.0,100.0,Yes,78.0,95.0
760,10th,C,16,Female,2.3,7.0,High School,None,No,80.0,80.0,76.0,92.0,Yes,52.0,82.0
761,10th,A,16,Female,4.3,5.0,High School,Frequent,Yes,91.1,63.0,52.0,79.0,No,54.0,77.0
762,8th,A,13,Female,2.9,8.0,Degree,Minor,Yes,66.0,46.0,59.0,96.0,Yes,62.0,71.0
763,10th,B,16,Female,2.5,8.0,Primary,Minor,Yes,96.7,51.0,47.0,51.0,No,74.0,65.0
764,9th,C,13,Female,5.6,7.0,PUC,Frequent,No,69.0,63.0,83.0,94.0,No,89.0,90.0
765,9th,A,16,Female,5.7,5.0,Degree,Frequent,Yes,100.5,90.0,84.0,73.0,Yes,79.0,100.0
766,9th,A,13,Female,4.1,8.0,Primary,Frequent,No,66.0,94.0,45.0,60.0,Yes,84.0,81.0
767,9th,A,13,Male,2.1,9.0,PUC,Minor,No,85.0,66.0,72.0,61.0,Yes,44.0,63.0
768,9th,A,15,Male,5.7,7.0,Primary,Minor,Yes,76.4,41.0,81.0,56.0,No,75.0,74.0
769,8th,A,15,Female,4.8,5.0,High School,None,Yes,91.0,90.0,94.0,62.0,No,67.0,94.0
770,10th,B,16,Male,4.8,8.0,Primary,Minor,Yes,78.0,50.0,54.0,90.0,No,74.0,75.0
771,9th,B,13,Female,2.1,8.0,High School,Frequent,No,79.0,48.0,59.0,53.0,Yes,76.0,60.0
772,8th,C,15,Male,5.2,5.0,High School,Frequent,No,91.0,40.0,46.0,69.0,Yes,87.0,71.0
773,8th,A,15,Female,2.2,9.0,Primary,Minor,Yes,95.8,45.0,77.0,91.0,Yes,80.0,77.0
774,8th,B,14,Female,4.2,7.0,High School,Minor,No,72.0,51.0,80.0,55.0,Yes,40.0,63.0
775,9th,A,16,Male,4.6,8.0,Primary,Minor,No,96.0,88.0,54.0,86.0,No,51.0,82.0
776,8th,A,16,Male,4.7,7.0,Degree,Frequent,Yes,81.2,72.0,77.0,95.0,No,90.0,91.0
777,8th,C,14,Female,3.0,9.0,Postgraduate,Frequent,Yes,79.5,62.0,83.0,81.0,Yes,59.0,77.0
778,10th,C,15,Male,4.8,9.0,Degree,Frequent,Yes,88.0,53.0,68.0,60.0,Yes,44.0,69.0
779,9th,A,13,Female,5.5,6.0,Postgraduate,Frequent,Yes,90.0,68.0,79.0,92.0,Yes,76.0,93.0
780,9th,A,13,Male,3.9,7.0,PUC,Minor,Yes,80.0,53.0,55.0,69.0,No,91.0,73.0
781,10th,A,14,Male,1.5,7.0,Postgraduate,Frequent,Yes,76.0,82.0,52.0,90.0,No,50.0,76.0
782,10th,A,15,Female,1.6,8.0,PUC,Frequent,Yes,96.3,73.0,94.0,50.0,Yes,67.0,78.0
783,10th,B,15,Female,1.5,5.0,Degree,Frequent,Yes,99.0,69.0,52.0,83.0,Yes,91.0,78.0
784,9th,C,15,Female,1.9,8.0,Degree,Frequent,Yes,70.7,83.0,83.0,64.0,Yes,68.0,76.0
785,8th,C,14,Female,1.6,6.0,Postgraduate,None,Yes,95.0,87.0,55.0,50.0,Yes,91.0,78.0
786,9th,A,14,Female,4.9,7.0,Postgraduate,Minor,Yes,67.0,91.0,50.0,72.0,Yes,60.0,79.0
787,8th,A,15,Male,1.2,5.0,Degree,None,Yes,78.0,61.0,82.0,83.0,No,53.0,73.0
788,10th,B,13,Male,2.2,6.0,Postgraduate,Frequent,No,89.0,94.0,95.0,54.0,Yes,58.0,85.0
789,9th,B,15,Male,5.4,7.0,Degree,None,Yes,81.0,72.0,87.0,76.0,No,90.0,87.0
790,9th,C,16,Female,5.9,7.0,Postgraduate,Frequent,Yes,97.0,77.0,46.0,71.0,No,62.0,77.0
791,10th,A,14,Male,4.0,5.0,PUC,None,Yes,81.0,47.0,85.0,98.0,No,65.0,79.0
792,9th,C,15,Female,5.9,5.0,Degree,None,Yes,91.0,67.0,82.0,65.0,Yes,59.0,78.0
793,8th,A,16,Male,1.2,5.0,Primary,Frequent,No,94.0,82.0,56.0,90.0,Yes,76.0,75.0
794,8th,A,14,Female,5.7,7.0,PUC,None,Yes,94.0,49.0,66.0,53.0,Yes,49.0,65.0
795,9th,C,14,Male,2.6,8.0,Postgraduate,Frequent,No,74.0,57.0,54.0,87.0,Yes,90.0,77.0
796,10th,A,14,Female,5.0,8.0,Degree,Minor,No,99.0,61.0,47.0,62.0,Yes,83.0,74.0
797,9th,B,16,Female,5.1,9.0,PUC,None,Yes,93.0,61.0,63.0,97.0,Yes,76.0,84.0
798,8th,C,16,Female,5.3,7.0,High School,None,Yes,72.0,93.0,49.0,95.0,Yes,52.0,84.0
799,9th,A,15,Female,3.3,5.0,Postgraduate,Frequent,Yes,96.0,68.0,60.0,93.0,No,50.0,79.0
800,10th,B,16,Male,5.7,7.0,Degree,Frequent,Yes,69.0,70.0,47.0,82.0,Yes,53.0,75.0
801,10th,A,16,Male,2.3,8.0,High School,Frequent,Yes,76.5,77.0,40.0,95.0,Yes,77.0,74.0
802,10th,C,13,Female,5.7,8.0,Degree,Frequent,Yes,88.0,59.0,90.0,82.0,Yes,86.0,94.0
803,10th,C,13,Male,4.1,6.0,PUC,Minor,No,71.0,47.0,53.0,74.0,No,50.0,67.0
804,9th,A,16,Male,5.9,8.0,Postgraduate,None,Yes,72.0,42.0,76.0,94.0,Yes,54.0,78.0
805,9th,B,16,Male,1.2,9.0,Degree,None,Yes,72.0,83.0,82.0,81.0,Yes,66.0,79.0
806,8th,B,14,Female,4.6,6.0,High School,Frequent,Yes,84.4,56.0,48.0,72.0,No,61.0,65.0
807,10th,A,16,Male,3.8,5.0,High School,None,Yes,94.0,88.0,43.0,98.0,No,54.0,81.0
808,9th,B,16,Male,3.5,9.0,Primary,None,Yes,67.0,68.0,95.0,69.0,Yes,86.0,82.0
809,9th,C,16,Female,2.3,9.0,PUC,Minor,No,65.0,74.0,67.0,75.0,No,75.0,71.0
810,10th,A,15,Female,2.6,7.0,Postgraduate,Minor,Yes,85.0,46.0,75.0,98.0,No,40.0,71.0
811,8th,C,13,Male,2.2,8.0,Degree,Frequent,No,100.0,50.0,69.0,69.0,Yes,92.0,74.0
812,9th,B,15,Female,2.1,6.0,Postgraduate,None,Yes,75.0,92.0,42.0,74.0,Yes,73.0,69.0
813,8th,B,15,Female,5.0,8.0,Postgraduate,Minor,Yes,66.0,48.0,64.0,75.0,Yes,90.0,80.0
814,10th,B,16,Male,3.5,6.0,Degree,Minor,Yes,97.2,44.0,50.0,98.0,No,69.0,69.0
815,9th,B,14,Male,1.4,5.0,Primary,Minor,No,78.0,83.0,77.0,93.0,No,81.0,88.0
816,9th,B,14,Male,4.9,5.0,Postgraduate,Minor,No,90.0,50.0,62.0,84.0,Yes,84.0,81.0
817,9th,B,14,Female,3.7,7.0,PUC,Minor,No,91.0,90.0,70.0,59.0,Yes,93.0,85.0
818,10th,A,16,Female,4.7,9.0,High School,None,Yes,88.0,71.0,83.0,97.0,No,90.0,90.0
819,8th,A,16,Female,3.6,7.0,Degree,Minor,No,95.0,61.0,88.0,79.0,Yes,56.0,80.0
820,9th,A,15,Male,3.0,7.0,Degree,None,Yes,100.3,50.0,58.0,89.0,No,90.0,77.0
821,8th,A,15,Male,5.9,8.0,PUC,Frequent,Yes,81.7,40.0,46.0,59.0,Yes,70.0,65.0
822,10th,A,14,Male,1.1,7.0,Primary,Minor,Yes,93.0,91.0,60.0,86.0,Yes,46.0,78.0
823,9th,B,16,Male,5.7,8.0,PUC,Frequent,No,78.0,79.0,59.0,91.0,No,54.0,86.0
824,10th,C,16,Female,5.7,7.0,High School,Minor,Yes,89.3,84.0,65.0,74.0,No,67.0,84.0
825,9th,A,15,Male,3.0,6.0,PUC,Frequent,Yes,100.0,42.0,46.0,61.0,No,79.0,66.0
826,10th,B,15,Male,2.1,8.0,Primary,Frequent,Yes,94.0,83.0,92.0,96.0,No,76.0,90.0
827,10th,C,14,Male,4.1,8.0,Degree,Frequent,Yes,72.0,82.0,44.0,52.0,No,47.0,64.0
828,9th,B,16,Male,1.9,5.0,Postgraduate,Minor,Yes,66.0,88.0,69.0,62.0,No,63.0,72.0
829,10th,C,15,Female,5.0,9.0,High School,Frequent,Yes,79.0,44.0,70.0,59.0,Yes,77.0,76.0
830,8th,C,13,Male,2.3,9.0,Primary,None,Yes,100.5,90.0,79.0,62.0,Yes,46.0,75.0
831,9th,C,13,Male,2.5,5.0,PUC,None,Yes,88.0,76.0,44.0,84.0,No,82.0,81.0
832,10th,A,13,Male,5.6,9.0,Primary,None,No,89.2,91.0,59.0,90.0,No,66.0,86.0
833,10th,A,14,Female,5.5,7.0,Postgraduate,Minor,Yes,91.0,78.0,54.0,90.0,No,70.0,85.0
834,8th,B,16,Female,3.7,6.0,Primary,Frequent,No,79.0,66.0,94.0,58.0,No,90.0,87.0
835,8th,C,13,Female,5.3,8.0,Degree,None,Yes,74.0,71.0,47.0,94.0,Yes,41.0,75.0
836,10th,A,15,Male,2.8,5.0,High School,Frequent,Yes,79.0,45.0,47.0,50.0,No,82.0,64.0
837,9th,A,13,Female,6.0,8.0,PUC,None,Yes,100.0,76.0,88.0,63.0,No,83.0,89.0
838,9th,A,13,Male,3.2,8.0,Postgraduate,Frequent,No,86.0,77.0,60.0,100.0,Yes,78.0,86.0
839,10th,A,14,Male,2.5,6.0,PUC,Frequent,Yes,67.0,76.0,58.0,75.0,No,46.0,66.0
840,8th,C,15,Female,1.2,8.0,Primary,None,Yes,79.0,83.0,42.0,83.0,No,42.0,71.0
841,9th,B,16,Female,5.9,7.0,PUC,None,No,89.0,41.0,92.0,96.0,Yes,93.0,95.0
842,10th,C,16,Male,3.3,8.0,Postgraduate,None,Yes,85.0,43.0,57.0,68.0,No,75.0,64.0
843,8th,A,13,Male,4.7,7.0,Degree,Frequent,Yes,88.0,65.0,91.0,63.0,Yes,83.0,85.0
844,10th,C,15,Female,4.2,7.0,Postgraduate,Minor,Yes,74.0,67.0,51.0,83.0,No,49.0,68.0
845,8th,C,13,Female,4.6,7.0,High School,None,Yes,95.0,89.0,91.0,68.0,No,65.0,93.0
846,9th,B,15,Male,1.3,5.0,PUC,Frequent,Yes,97.0,42.0,68.0,86.0,Yes,63.0,74.0
847,8th,B,13,Female,5.6,6.0,High School,Frequent,No,90.0,76.0,88.0,60.0,No,49.0,85.0
848,9th,C,14,Female,5.6,7.0,High School,Frequent,Yes,65.0,79.0,73.0,79.0,No,47.0,84.0
849,10th,A,13,Male,3.8,7.0,Degree,None,No,88.0,86.0,93.0,78.0,Yes,69.0,86.0
850,9th,B,13,Male,5.8,6.0,High School,Frequent,Yes,88.0,66.0,71.0,86.0,No,85.0,87.0
851,10th,A,14,Female,2.4,5.0,Postgraduate,Frequent,Yes,72.0,53.0,86.0,64.0,Yes,60.0,73.0
852,8th,A,15,Female,4.0,8.0,PUC,Minor,Yes,93.0,84.0,91.0,55.0,No,41.0,76.0
853,9th,B,15,Female,3.0,5.0,PUC,Minor,No,65.0,54.0,44.0,85.0,Yes,45.0,62.0
854,10th,C,15,Male,4.1,8.0,High School,None,Yes,79.0,88.0,43.0,81.0,No,65.0,77.0
855,10th,A,14,Male,2.5,7.0,Primary,None,No,77.0,59.0,64.0,80.0,No,87.0,72.0
856,9th,C,13,Male,5.1,5.0,Primary,Frequent,Yes,71.5,53.0,42.0,79.0,Yes,55.0,71.0
857,8th,B,16,Male,1.3,9.0,PUC,None,No,94.0,86.0,70.0,86.0,No,42.0,79.0
858,10th,C,13,Male,1.2,5.0,High School,Frequent,No,73.8,69.0,94.0,50.0,Yes,90.0,80.0
859,9th,B,15,Female,1.2,8.0,Primary,None,Yes,99.0,88.0,68.0,85.0,Yes,48.0,75.0
860,8th,B,15,Male,1.8,9.0,High School,Minor,Yes,84.8,52.0,67.0,57.0,Yes,57.0,69.0
861,9th,C,14,Female,3.0,8.0,High School,None,Yes,97.0,85.0,81.0,54.0,No,81.0,85.0
862,10th,C,16,Male,5.8,7.0,PUC,Minor,Yes,89.0,88.0,90.0,86.0,Yes,44.0,89.0
863,8th,A,16,Female,1.6,7.0,Postgraduate,Minor,Yes,94.0,42.0,79.0,89.0,Yes,77.0,71.0
864,8th,A,14,Female,4.2,9.0,High School,None,Yes,84.0,86.0,78.0,66.0,No,55.0,85.0
865,8th,A,13,Male,3.6,5.0,High School,Frequent,Yes,91.0,52.0,86.0,88.0,Yes,91.0,82.0
866,9th,A,13,Male,2.8,5.0,Postgraduate,Minor,Yes,65.6,84.0,62.0,82.0,No,60.0,76.0
867,8th,B,13,Female,2.0,6.0,Degree,Frequent,Yes,79.0,44.0,59.0,73.0,Yes,42.0,63.0
868,10th,B,14,Male,2.1,9.0,High School,Frequent,Yes,85.5,47.0,71.0,79.0,No,75.0,72.0
869,8th,B,13,Female,1.2,7.0,Degree,Minor,No,100.0,43.0,56.0,100.0,Yes,61.0,70.0
870,10th,B,14,Male,4.6,6.0,High School,Frequent,No,67.0,69.0,91.0,59.0,Yes,87.0,81.0
871,10th,A,13,Female,4.3,6.0,PUC,Minor,Yes,93.0,85.0,44.0,96.0,Yes,88.0,86.0
872,8th,A,16,Female,3.2,6.0,Primary,Frequent,Yes,83.0,62.0,83.0,67.0,No,58.0,72.0
873,9th,A,16,Female,4.6,7.0,Degree,Frequent,Yes,70.0,94.0,71.0,55.0,Yes,76.0,78.0
874,10th,A,15,Female,1.5,6.0,PUC,None,Yes,71.0,94.0,85.0,70.0,No,73.0,81.0
875,8th,B,14,Male,5.7,5.0,High School,Minor,Yes,69.0,75.0,70.0,78.0,No,84.0,87.0
876,10th,A,15,Female,5.2,5.0,Degree,None,Yes,94.0,47.0,56.0,55.0,No,76.0,69.0
877,10th,C,16,Female,4.3,8.0,High School,Frequent,Yes,69.0,82.0,93.0,70.0,Yes,90.0,89.0
878,10th,A,15,Male,2.9,8.0,Primary,None,No,99.0,95.0,65.0,83.0,No,68.0,90.0
879,9th,C,13,Female,3.1,7.0,PUC,None,Yes,78.0,51.0,75.0,78.0,Yes,47.0,68.0
880,9th,B,14,Female,3.4,7.0,High School,None,No,91.0,72.0,83.0,90.0,No,62.0,80.0
881,10th,A,14,Female,5.7,6.0,Degree,None,Yes,74.0,41.0,91.0,68.0,Yes,51.0,79.0
882,8th,B,15,Female,5.3,6.0,PUC,Minor,Yes,71.0,81.0,86.0,59.0,No,80.0,88.0
883,9th,B,16,Female,3.4,5.0,Primary,Minor,Yes,96.0,63.0,40.0,94.0,No,90.0,82.0
884,8th,C,15,Male,3.8,9.0,Postgraduate,Frequent,Yes,69.0,88.0,91.0,82.0,Yes,65.0,88.0
885,8th,A,13,Male,5.4,9.0,Postgraduate,Frequent,Yes,76.0,79.0,40.0,59.0,Yes,92.0,75.0
886,10th,A,14,Male,5.7,5.0,PUC,Frequent,No,75.0,85.0,73.0,51.0,No,80.0,82.0
887,9th,B,15,Female,4.2,7.0,Postgraduate,Minor,Yes,94.0,41.0,71.0,68.0,Yes,79.0,76.0
888,10th,C,13,Male,4.7,7.0,Primary,Minor,Yes,96.0,56.0,63.0,70.0,No,88.0,76.0
889,9th,C,14,Male,2.8,5.0,High School,Frequent,No,66.5,92.0,93.0,69.0,Yes,63.0,86.0
890,9th,B,15,Female,5.6,6.0,Primary,Minor,No,68.3,85.0,80.0,73.0,No,49.0,79.0
891,10th,B,14,Male,5.2,8.0,Postgraduate,None,No,97.0,71.0,61.0,50.0,Yes,95.0,77.0
892,9th,C,13,Male,3.8,6.0,High School,None,Yes,72.0,75.0,49.0,88.0,Yes,63.0,77.0
893,8th,A,16,Female,5.3,7.0,High School,Minor,Yes,93.2,61.0,64.0,86.0,No,41.0,72.0
894,8th,B,13,Male,5.2,9.0,Postgraduate,Minor,Yes,71.0,65.0,51.0,70.0,No,79.0,77.0
895,8th,B,16,Female,5.0,7.0,PUC,Frequent,Yes,65.0,49.0,73.0,59.0,No,70.0,76.0
896,10th,A,14,Female,1.7,5.0,High School,Minor,No,67.0,47.0,64.0,68.0,Yes,59.0,67.0
897,10th,B,14,Female,3.7,8.0,Primary,Minor,Yes,83.9,40.0,47.0,93.0,No,53.0,66.0
898,10th,B,16,Female,5.5,9.0,Postgraduate,Minor,Yes,73.0,54.0,82.0,94.0,No,56.0,84.0
899,9th,B,14,Female,4.9,9.0,High School,Frequent,No,95.0,73.0,65.0,54.0,Yes,52.0,75.0
900,8th,C,14,Male,3.1,9.0,Postgraduate,Frequent,Yes,78.0,54.0,41.0,69.0,Yes,47.0,64.0
901,8th,A,14,Male,2.0,89.0,Primary,None,Yes,98.0,87.0,90.0,100.0,Yes,89.0,0.0
